,Title,Price,Rating,Colors,Size,Gender,Timestamp
0,Unknown Product,$100.00,Rating: ⭐ Invalid Rating / 5,5 Colors,Size: M,Gender: Men,2025-04-07 07:14:00
1,T-shirt 2,$102.15,Rating: ⭐ 3.9 / 5,3 Colors,Size: M,Gender: Women,2025-04-07 07:14:00
2,Hoodie 3,$496.88,Rating: ⭐ 4.8 / 5,3 Colors,Size: L,Gender: Unisex,2025-04-07 07:14:00
3,Pants 4,$467.31,Rating: ⭐ 3.3 / 5,3 Colors,Size: XL,Gender: Men,2025-04-07 07:14:00
4,Outerwear 5,$321.59,Rating: ⭐ 3.5 / 5,3 Colors,Size: XXL,Gender: Women,2025-04-07 07:14:00
5,Jacket 6,$153.37,Rating: ⭐ 3.3 / 5,3 Colors,Size: S,Gender: Unisex,2025-04-07 07:14:00
6,Crewneck 7,$430.75,Rating: ⭐ 4.3 / 5,3 Colors,Size: M,Gender: Men,2025-04-07 07:14:00
7,T-shirt 8,$487.66,Rating: ⭐ 3.1 / 5,3 Colors,Size: L,Gender: Women,2025-04-07 07:14:00
8,Hoodie 9,$248.26,Rating: ⭐ 3.2 / 5,3 Colors,Size: XL,Gender: Unisex,2025-04-07 07:14:00
9,Pants 10,$193.76,Rating: ⭐ 4.2 / 5,3 Colors,Size: XXL,Gender: Men,2025-04-07 07:14:00
10,Unknown Product,$100.00,Rating: ⭐ Invalid Rating / 5,5 Colors,Size: M,Gender: Men,2025-04-07 07:14:00
11,Jacket 12,$532.99,Rating: ⭐ 3.9 / 5,3 Colors,Size: M,Gender: Unisex,2025-04-07 07:14:00
12,Crewneck 13,$340.45,Rating: ⭐ 3.2 / 5,3 Colors,Size: L,Gender: Men,2025-04-07 07:14:00
13,T-shirt 14,$203.05,Rating: ⭐ 3.8 / 5,3 Colors,Size: XL,Gender: Women,2025-04-07 07:14:00
14,Hoodie 15,$136.51,Rating: ⭐ 3.6 / 5,3 Colors,Size: XXL,Gender: Unisex,2025-04-07 07:14:00
15,Pants 16,,Rating: Not Rated,8 Colors,Size: S,Gender: Men,2025-04-07 07:14:00
16,Outerwear 17,$52.60,Rating: ⭐ 3.8 / 5,3 Colors,Size: M,Gender: Women,2025-04-07 07:14:00
17,Jacket 18,$343.75,Rating: ⭐ 3.8 / 5,3 Colors,Size: L,Gender: Unisex,2025-04-07 07:14:00
18,Crewneck 19,$81.81,Rating: ⭐ 3.6 / 5,3 Colors,Size: XL,Gender: Men,2025-04-07 07:14:00
19,T-shirt 20,$82.85,Rating: ⭐ 3.4 / 5,3 Colors,Size: XXL,Gender: Women,2025-04-07 07:14:00
20,Unknown Product,$100.00,Rating: ⭐ Invalid Rating / 5,5 Colors,Size: M,Gender: Men,2025-04-07 07:14:01
21,Pants 22,$269.98,Rating: ⭐ 4.9 / 5,3 Colors,Size: M,Gender: Men,2025-04-07 07:14:01
22,Outerwear 23,$290.99,Rating: ⭐ 3.7 / 5,3 Colors,Size: L,Gender: Women,2025-04-07 07:14:01
23,Jacket 24,$513.97,Rating: ⭐ 3.9 / 5,3 Colors,Size: XL,Gender: Unisex,2025-04-07 07:14:01
24,Crewneck 25,$520.16,Rating: ⭐ 3.3 / 5,3 Colors,Size: XXL,Gender: Men,2025-04-07 07:14:01
25,T-shirt 26,$455.77,Rating: ⭐ 4.6 / 5,3 Colors,Size: S,Gender: Women,2025-04-07 07:14:01
26,Hoodie 27,$221.99,Rating: ⭐ 4.8 / 5,3 Colors,Size: M,Gender: Unisex,2025-04-07 07:14:01
27,Pants 28,$326.01,Rating: ⭐ 4.0 / 5,3 Colors,Size: L,Gender: Men,2025-04-07 07:14:01
28,Outerwear 29,$53.85,Rating: ⭐ 3.1 / 5,3 Colors,Size: XL,Gender: Women,2025-04-07 07:14:01
29,Jacket 30,$538.14,Rating: ⭐ 3.7 / 5,3 Colors,Size: XXL,Gender: Unisex,2025-04-07 07:14:01
30,Unknown Product,$100.00,Rating: ⭐ Invalid Rating / 5,5 Colors,Size: M,Gender: Men,2025-04-07 07:14:01
31,T-shirt 32,$416.12,Rating: ⭐ 3.4 / 5,3 Colors,Size: M,Gender: Women,2025-04-07 07:14:01
32,Hoodie 33,$453.01,Rating: ⭐ 3.5 / 5,3 Colors,Size: L,Gender: Unisex,2025-04-07 07:14:01
33,Pants 34,$522.67,Rating: ⭐ 3.8 / 5,3 Colors,Size: XL,Gender: Men,2025-04-07 07:14:01
34,Outerwear 35,$84.76,Rating: ⭐ 3.8 / 5,3 Colors,Size: XXL,Gender: Women,2025-04-07 07:14:01
35,Jacket 36,$453.08,Rating: ⭐ 3.7 / 5,3 Colors,Size: S,Gender: Unisex,2025-04-07 07:14:01
36,Crewneck 37,$375.38,Rating: ⭐ 4.0 / 5,3 Colors,Size: M,Gender: Men,2025-04-07 07:14:01
37,T-shirt 38,$304.13,Rating: ⭐ 3.2 / 5,3 Colors,Size: L,Gender: Women,2025-04-07 07:14:01
38,Hoodie 39,$401.95,Rating: ⭐ 4.6 / 5,3 Colors,Size: XL,Gender: Unisex,2025-04-07 07:14:01
39,Pants 40,$365.85,Rating: ⭐ 3.1 / 5,3 Colors,Size: XXL,Gender: Men,2025-04-07 07:14:01
40,Unknown Product,$100.00,Rating: ⭐ Invalid Rating / 5,5 Colors,Size: M,Gender: Men,2025-04-07 07:14:01
41,Jacket 42,$421.51,Rating: ⭐ 3.7 / 5,3 Colors,Size: M,Gender: Unisex,2025-04-07 07:14:01
42,Crewneck 43,$181.85,Rating: ⭐ 4.5 / 5,3 Colors,Size: L,Gender: Men,2025-04-07 07:14:01
43,T-shirt 44,$207.02,Rating: ⭐ 3.0 / 5,3 Colors,Size: XL,Gender: Women,2025-04-07 07:14:01
44,Hoodie 45,$543.32,Rating: ⭐ 4.5 / 5,3 Colors,Size: XXL,Gender: Unisex,2025-04-07 07:14:01
45,Pants 46,,Rating: Not Rated,8 Colors,Size: S,Gender: Men,2025-04-07 07:14:01
46,Outerwear 47,$397.79,Rating: ⭐ 3.2 / 5,3 Colors,Size: M,Gender: Women,2025-04-07 07:14:01
47,Jacket 48,$312.17,Rating: ⭐ 3.4 / 5,3 Colors,Size: L,Gender: Unisex,2025-04-07 07:14:01
48,Crewneck 49,$66.95,Rating: ⭐ 4.0 / 5,3 Colors,Size: XL,Gender: Men,2025-04-07 07:14:01
49,T-shirt 50,$370.81,Rating: ⭐ 3.1 / 5,3 Colors,Size: XXL,Gender: Women,2025-04-07 07:14:01
50,Unknown Product,$100.00,Rating: ⭐ Invalid Rating / 5,5 Colors,Size: M,Gender: Men,2025-04-07 07:14:01
51,Pants 52,$99.78,Rating: ⭐ 4.0 / 5,3 Colors,Size: M,Gender: Men,2025-04-07 07:14:01
52,Outerwear 53,$279.43,Rating: ⭐ 4.3 / 5,3 Colors,Size: L,Gender: Women,2025-04-07 07:14:01
53,Jacket 54,$53.41,Rating: ⭐ 4.2 / 5,3 Colors,Size: XL,Gender: Unisex,2025-04-07 07:14:01
54,Crewneck 55,$112.11,Rating: ⭐ 3.6 / 5,3 Colors,Size: XXL,Gender: Men,2025-04-07 07:14:01
55,T-shirt 56,$290.19,Rating: ⭐ 3.8 / 5,3 Colors,Size: S,Gender: Women,2025-04-07 07:14:01
56,Hoodie 57,$197.21,Rating: ⭐ 4.9 / 5,3 Colors,Size: M,Gender: Unisex,2025-04-07 07:14:01
57,Pants 58,$102.36,Rating: ⭐ 4.4 / 5,3 Colors,Size: L,Gender: Men,2025-04-07 07:14:01
58,Outerwear 59,$140.89,Rating: ⭐ 4.6 / 5,3 Colors,Size: XL,Gender: Women,2025-04-07 07:14:01
59,Jacket 60,$210.97,Rating: ⭐ 4.2 / 5,3 Colors,Size: XXL,Gender: Unisex,2025-04-07 07:14:01
60,Unknown Product,$100.00,Rating: ⭐ Invalid Rating / 5,5 Colors,Size: M,Gender: Men,2025-04-07 07:14:02
61,T-shirt 62,$86.03,Rating: ⭐ 3.8 / 5,3 Colors,Size: M,Gender: Women,2025-04-07 07:14:02
62,Hoodie 63,$404.95,Rating: ⭐ 3.6 / 5,3 Colors,Size: L,Gender: Unisex,2025-04-07 07:14:02
63,Pants 64,$483.03,Rating: ⭐ 4.0 / 5,3 Colors,Size: XL,Gender: Men,2025-04-07 07:14:02
64,Outerwear 65,$149.12,Rating: ⭐ 4.1 / 5,3 Colors,Size: XXL,Gender: Women,2025-04-07 07:14:02
65,Jacket 66,$272.07,Rating: ⭐ 3.5 / 5,3 Colors,Size: S,Gender: Unisex,2025-04-07 07:14:02
66,Crewneck 67,$529.42,Rating: ⭐ 3.5 / 5,3 Colors,Size: M,Gender: Men,2025-04-07 07:14:02
67,T-shirt 68,$501.58,Rating: ⭐ 4.0 / 5,3 Colors,Size: L,Gender: Women,2025-04-07 07:14:02
68,Hoodie 69,$64.24,Rating: ⭐ 3.6 / 5,3 Colors,Size: XL,Gender: Unisex,2025-04-07 07:14:02
69,Pants 70,$73.21,Rating: ⭐ 4.4 / 5,3 Colors,Size: XXL,Gender: Men,2025-04-07 07:14:02
70,Unknown Product,$100.00,Rating: ⭐ Invalid Rating / 5,5 Colors,Size: M,Gender: Men,2025-04-07 07:14:02
71,Jacket 72,$236.00,Rating: ⭐ 4.4 / 5,3 Colors,Size: M,Gender: Unisex,2025-04-07 07:14:02
72,Crewneck 73,$153.77,Rating: ⭐ 3.0 / 5,3 Colors,Size: L,Gender: Men,2025-04-07 07:14:02
73,T-shirt 74,$481.55,Rating: ⭐ 3.8 / 5,3 Colors,Size: XL,Gender: Women,2025-04-07 07:14:02
74,Hoodie 75,$131.36,Rating: ⭐ 4.3 / 5,3 Colors,Size: XXL,Gender: Unisex,2025-04-07 07:14:02
75,Pants 76,,Rating: Not Rated,8 Colors,Size: S,Gender: Men,2025-04-07 07:14:02
76,Outerwear 77,$53.86,Rating: ⭐ 3.7 / 5,3 Colors,Size: M,Gender: Women,2025-04-07 07:14:02
77,Jacket 78,$169.78,Rating: ⭐ 4.3 / 5,3 Colors,Size: L,Gender: Unisex,2025-04-07 07:14:02
78,Crewneck 79,$206.85,Rating: ⭐ 4.6 / 5,3 Colors,Size: XL,Gender: Men,2025-04-07 07:14:02
79,T-shirt 80,$261.15,Rating: ⭐ 4.5 / 5,3 Colors,Size: XXL,Gender: Women,2025-04-07 07:14:02
80,Unknown Product,$100.00,Rating: ⭐ Invalid Rating / 5,5 Colors,Size: M,Gender: Men,2025-04-07 07:14:02
81,Pants 82,$519.72,Rating: ⭐ 4.8 / 5,3 Colors,Size: M,Gender: Men,2025-04-07 07:14:02
82,Outerwear 83,$246.74,Rating: ⭐ 3.7 / 5,3 Colors,Size: L,Gender: Women,2025-04-07 07:14:02
83,Jacket 84,$176.63,Rating: ⭐ 4.8 / 5,3 Colors,Size: XL,Gender: Unisex,2025-04-07 07:14:02
84,Crewneck 85,$285.26,Rating: ⭐ 3.5 / 5,3 Colors,Size: XXL,Gender: Men,2025-04-07 07:14:02
85,T-shirt 86,$104.43,Rating: ⭐ 3.9 / 5,3 Colors,Size: S,Gender: Women,2025-04-07 07:14:02
86,Hoodie 87,$491.89,Rating: ⭐ 4.3 / 5,3 Colors,Size: M,Gender: Unisex,2025-04-07 07:14:02
87,Pants 88,$474.40,Rating: ⭐ 3.1 / 5,3 Colors,Size: L,Gender: Men,2025-04-07 07:14:02
88,Outerwear 89,$303.52,Rating: ⭐ 3.0 / 5,3 Colors,Size: XL,Gender: Women,2025-04-07 07:14:02
89,Jacket 90,$447.50,Rating: ⭐ 4.0 / 5,3 Colors,Size: XXL,Gender: Unisex,2025-04-07 07:14:02
90,Unknown Product,$100.00,Rating: ⭐ Invalid Rating / 5,5 Colors,Size: M,Gender: Men,2025-04-07 07:14:02
91,T-shirt 92,$313.27,Rating: ⭐ 3.5 / 5,3 Colors,Size: M,Gender: Women,2025-04-07 07:14:02
92,Hoodie 93,$85.33,Rating: ⭐ 3.6 / 5,3 Colors,Size: L,Gender: Unisex,2025-04-07 07:14:02
93,Pants 94,$67.18,Rating: ⭐ 4.3 / 5,3 Colors,Size: XL,Gender: Men,2025-04-07 07:14:02
94,Outerwear 95,$378.89,Rating: ⭐ 3.5 / 5,3 Colors,Size: XXL,Gender: Women,2025-04-07 07:14:02
95,Jacket 96,$287.39,Rating: ⭐ 4.9 / 5,3 Colors,Size: S,Gender: Unisex,2025-04-07 07:14:02
96,Crewneck 97,$382.07,Rating: ⭐ 3.9 / 5,3 Colors,Size: M,Gender: Men,2025-04-07 07:14:02
97,T-shirt 98,$537.31,Rating: ⭐ 3.1 / 5,3 Colors,Size: L,Gender: Women,2025-04-07 07:14:02
98,Hoodie 99,$314.25,Rating: ⭐ 3.6 / 5,3 Colors,Size: XL,Gender: Unisex,2025-04-07 07:14:02
99,Pants 100,$138.58,Rating: ⭐ 4.6 / 5,3 Colors,Size: XXL,Gender: Men,2025-04-07 07:14:02
100,Unknown Product,$100.00,Rating: ⭐ Invalid Rating / 5,5 Colors,Size: M,Gender: Men,2025-04-07 07:14:03
101,Jacket 102,$240.04,Rating: ⭐ 3.3 / 5,3 Colors,Size: M,Gender: Unisex,2025-04-07 07:14:03
102,Crewneck 103,$145.73,Rating: ⭐ 3.5 / 5,3 Colors,Size: L,Gender: Men,2025-04-07 07:14:03
103,T-shirt 104,$148.40,Rating: ⭐ 3.8 / 5,3 Colors,Size: XL,Gender: Women,2025-04-07 07:14:03
104,Hoodie 105,$313.74,Rating: ⭐ 4.2 / 5,3 Colors,Size: XXL,Gender: Unisex,2025-04-07 07:14:03
105,Pants 106,,Rating: Not Rated,8 Colors,Size: S,Gender: Men,2025-04-07 07:14:03
106,Outerwear 107,$414.07,Rating: ⭐ 4.0 / 5,3 Colors,Size: M,Gender: Women,2025-04-07 07:14:03
107,Jacket 108,$346.98,Rating: ⭐ 4.8 / 5,3 Colors,Size: L,Gender: Unisex,2025-04-07 07:14:03
108,Crewneck 109,$367.93,Rating: ⭐ 3.3 / 5,3 Colors,Size: XL,Gender: Men,2025-04-07 07:14:03
109,T-shirt 110,$449.82,Rating: ⭐ 4.6 / 5,3 Colors,Size: XXL,Gender: Women,2025-04-07 07:14:03
110,Unknown Product,$100.00,Rating: ⭐ Invalid Rating / 5,5 Colors,Size: M,Gender: Men,2025-04-07 07:14:03
111,Pants 112,$266.37,Rating: ⭐ 3.3 / 5,3 Colors,Size: M,Gender: Men,2025-04-07 07:14:03
112,Outerwear 113,$279.50,Rating: ⭐ 3.7 / 5,3 Colors,Size: L,Gender: Women,2025-04-07 07:14:03
113,Jacket 114,$336.66,Rating: ⭐ 4.9 / 5,3 Colors,Size: XL,Gender: Unisex,2025-04-07 07:14:03
114,Crewneck 115,$120.83,Rating: ⭐ 4.5 / 5,3 Colors,Size: XXL,Gender: Men,2025-04-07 07:14:03
115,T-shirt 116,$217.16,Rating: ⭐ 3.0 / 5,3 Colors,Size: S,Gender: Women,2025-04-07 07:14:03
116,Hoodie 117,$211.02,Rating: ⭐ 5.0 / 5,3 Colors,Size: M,Gender: Unisex,2025-04-07 07:14:03
117,Pants 118,$349.09,Rating: ⭐ 3.2 / 5,3 Colors,Size: L,Gender: Men,2025-04-07 07:14:03
118,Outerwear 119,$222.61,Rating: ⭐ 3.4 / 5,3 Colors,Size: XL,Gender: Women,2025-04-07 07:14:03
119,Jacket 120,$467.52,Rating: ⭐ 4.0 / 5,3 Colors,Size: XXL,Gender: Unisex,2025-04-07 07:14:03
120,Unknown Product,$100.00,Rating: ⭐ Invalid Rating / 5,5 Colors,Size: M,Gender: Men,2025-04-07 07:14:04
121,T-shirt 122,$122.62,Rating: ⭐ 3.6 / 5,3 Colors,Size: M,Gender: Women,2025-04-07 07:14:04
122,Hoodie 123,$281.13,Rating: ⭐ 3.8 / 5,3 Colors,Size: L,Gender: Unisex,2025-04-07 07:14:04
123,Pants 124,$438.97,Rating: ⭐ 3.2 / 5,3 Colors,Size: XL,Gender: Men,2025-04-07 07:14:04
124,Outerwear 125,$437.39,Rating: ⭐ 4.2 / 5,3 Colors,Size: XXL,Gender: Women,2025-04-07 07:14:04
125,Jacket 126,$276.63,Rating: ⭐ 3.9 / 5,3 Colors,Size: S,Gender: Unisex,2025-04-07 07:14:04
126,Crewneck 127,$519.48,Rating: ⭐ 4.0 / 5,3 Colors,Size: M,Gender: Men,2025-04-07 07:14:04
127,T-shirt 128,$279.17,Rating: ⭐ 3.8 / 5,3 Colors,Size: L,Gender: Women,2025-04-07 07:14:04
128,Hoodie 129,$158.28,Rating: ⭐ 4.5 / 5,3 Colors,Size: XL,Gender: Unisex,2025-04-07 07:14:04
129,Pants 130,$412.72,Rating: ⭐ 4.8 / 5,3 Colors,Size: XXL,Gender: Men,2025-04-07 07:14:04
130,Unknown Product,$100.00,Rating: ⭐ Invalid Rating / 5,5 Colors,Size: M,Gender: Men,2025-04-07 07:14:04
131,Jacket 132,$404.68,Rating: ⭐ 4.2 / 5,3 Colors,Size: M,Gender: Unisex,2025-04-07 07:14:04
132,Crewneck 133,$126.02,Rating: ⭐ 4.7 / 5,3 Colors,Size: L,Gender: Men,2025-04-07 07:14:04
133,T-shirt 134,$371.09,Rating: ⭐ 3.2 / 5,3 Colors,Size: XL,Gender: Women,2025-04-07 07:14:04
134,Hoodie 135,$321.34,Rating: ⭐ 4.7 / 5,3 Colors,Size: XXL,Gender: Unisex,2025-04-07 07:14:04
135,Pants 136,,Rating: Not Rated,8 Colors,Size: S,Gender: Men,2025-04-07 07:14:04
136,Outerwear 137,$436.77,Rating: ⭐ 4.5 / 5,3 Colors,Size: M,Gender: Women,2025-04-07 07:14:04
137,Jacket 138,$289.72,Rating: ⭐ 3.4 / 5,3 Colors,Size: L,Gender: Unisex,2025-04-07 07:14:04
138,Crewneck 139,$503.32,Rating: ⭐ 4.5 / 5,3 Colors,Size: XL,Gender: Men,2025-04-07 07:14:04
139,T-shirt 140,$425.69,Rating: ⭐ 3.5 / 5,3 Colors,Size: XXL,Gender: Women,2025-04-07 07:14:04
140,Unknown Product,$100.00,Rating: ⭐ Invalid Rating / 5,5 Colors,Size: M,Gender: Men,2025-04-07 07:14:04
141,Pants 142,$145.33,Rating: ⭐ 4.9 / 5,3 Colors,Size: M,Gender: Men,2025-04-07 07:14:04
142,Outerwear 143,$209.16,Rating: ⭐ 4.9 / 5,3 Colors,Size: L,Gender: Women,2025-04-07 07:14:04
143,Jacket 144,$359.89,Rating: ⭐ 4.3 / 5,3 Colors,Size: XL,Gender: Unisex,2025-04-07 07:14:04
144,Crewneck 145,$217.05,Rating: ⭐ 4.8 / 5,3 Colors,Size: XXL,Gender: Men,2025-04-07 07:14:04
145,T-shirt 146,$480.54,Rating: ⭐ 4.3 / 5,3 Colors,Size: S,Gender: Women,2025-04-07 07:14:04
146,Hoodie 147,$190.80,Rating: ⭐ 5.0 / 5,3 Colors,Size: M,Gender: Unisex,2025-04-07 07:14:04
147,Pants 148,$377.09,Rating: ⭐ 4.7 / 5,3 Colors,Size: L,Gender: Men,2025-04-07 07:14:04
148,Outerwear 149,$194.12,Rating: ⭐ 3.2 / 5,3 Colors,Size: XL,Gender: Women,2025-04-07 07:14:04
149,Jacket 150,$93.79,Rating: ⭐ 3.6 / 5,3 Colors,Size: XXL,Gender: Unisex,2025-04-07 07:14:04
150,Unknown Product,$100.00,Rating: ⭐ Invalid Rating / 5,5 Colors,Size: M,Gender: Men,2025-04-07 07:14:04
151,T-shirt 152,$393.04,Rating: ⭐ 4.2 / 5,3 Colors,Size: M,Gender: Women,2025-04-07 07:14:04
152,Hoodie 153,$166.29,Rating: ⭐ 4.3 / 5,3 Colors,Size: L,Gender: Unisex,2025-04-07 07:14:04
153,Pants 154,$146.09,Rating: ⭐ 3.0 / 5,3 Colors,Size: XL,Gender: Men,2025-04-07 07:14:04
154,Outerwear 155,$236.45,Rating: ⭐ 4.1 / 5,3 Colors,Size: XXL,Gender: Women,2025-04-07 07:14:04
155,Jacket 156,$415.32,Rating: ⭐ 3.6 / 5,3 Colors,Size: S,Gender: Unisex,2025-04-07 07:14:04
156,Crewneck 157,$69.11,Rating: ⭐ 4.0 / 5,3 Colors,Size: M,Gender: Men,2025-04-07 07:14:04
157,T-shirt 158,$457.57,Rating: ⭐ 4.0 / 5,3 Colors,Size: L,Gender: Women,2025-04-07 07:14:04
158,Hoodie 159,$148.23,Rating: ⭐ 4.9 / 5,3 Colors,Size: XL,Gender: Unisex,2025-04-07 07:14:04
159,Pants 160,$175.18,Rating: ⭐ 3.4 / 5,3 Colors,Size: XXL,Gender: Men,2025-04-07 07:14:04
160,Unknown Product,$100.00,Rating: ⭐ Invalid Rating / 5,5 Colors,Size: M,Gender: Men,2025-04-07 07:14:05
161,Jacket 162,$96.49,Rating: ⭐ 4.5 / 5,3 Colors,Size: M,Gender: Unisex,2025-04-07 07:14:05
162,Crewneck 163,$491.37,Rating: ⭐ 4.4 / 5,3 Colors,Size: L,Gender: Men,2025-04-07 07:14:05
163,T-shirt 164,$219.50,Rating: ⭐ 3.9 / 5,3 Colors,Size: XL,Gender: Women,2025-04-07 07:14:05
164,Hoodie 165,$432.58,Rating: ⭐ 4.9 / 5,3 Colors,Size: XXL,Gender: Unisex,2025-04-07 07:14:05
165,Pants 166,,Rating: Not Rated,8 Colors,Size: S,Gender: Men,2025-04-07 07:14:05
166,Outerwear 167,$204.61,Rating: ⭐ 3.1 / 5,3 Colors,Size: M,Gender: Women,2025-04-07 07:14:05
167,Jacket 168,$54.40,Rating: ⭐ 4.4 / 5,3 Colors,Size: L,Gender: Unisex,2025-04-07 07:14:05
168,Crewneck 169,$502.05,Rating: ⭐ 4.7 / 5,3 Colors,Size: XL,Gender: Men,2025-04-07 07:14:05
169,T-shirt 170,$417.37,Rating: ⭐ 4.5 / 5,3 Colors,Size: XXL,Gender: Women,2025-04-07 07:14:05
170,Unknown Product,$100.00,Rating: ⭐ Invalid Rating / 5,5 Colors,Size: M,Gender: Men,2025-04-07 07:14:05
171,Pants 172,$97.88,Rating: ⭐ 4.9 / 5,3 Colors,Size: M,Gender: Men,2025-04-07 07:14:05
172,Outerwear 173,$439.66,Rating: ⭐ 4.6 / 5,3 Colors,Size: L,Gender: Women,2025-04-07 07:14:05
173,Jacket 174,$392.64,Rating: ⭐ 3.3 / 5,3 Colors,Size: XL,Gender: Unisex,2025-04-07 07:14:05
174,Crewneck 175,$507.82,Rating: ⭐ 4.5 / 5,3 Colors,Size: XXL,Gender: Men,2025-04-07 07:14:05
175,T-shirt 176,$381.52,Rating: ⭐ 3.6 / 5,3 Colors,Size: S,Gender: Women,2025-04-07 07:14:05
176,Hoodie 177,$118.15,Rating: ⭐ 4.6 / 5,3 Colors,Size: M,Gender: Unisex,2025-04-07 07:14:05
177,Pants 178,$386.51,Rating: ⭐ 3.0 / 5,3 Colors,Size: L,Gender: Men,2025-04-07 07:14:05
178,Outerwear 179,$363.54,Rating: ⭐ 3.5 / 5,3 Colors,Size: XL,Gender: Women,2025-04-07 07:14:05
179,Jacket 180,$347.04,Rating: ⭐ 3.9 / 5,3 Colors,Size: XXL,Gender: Unisex,2025-04-07 07:14:05
180,Unknown Product,$100.00,Rating: ⭐ Invalid Rating / 5,5 Colors,Size: M,Gender: Men,2025-04-07 07:14:06
181,T-shirt 182,$145.93,Rating: ⭐ 3.8 / 5,3 Colors,Size: M,Gender: Women,2025-04-07 07:14:06
182,Hoodie 183,$244.04,Rating: ⭐ 3.6 / 5,3 Colors,Size: L,Gender: Unisex,2025-04-07 07:14:06
183,Pants 184,$484.97,Rating: ⭐ 4.5 / 5,3 Colors,Size: XL,Gender: Men,2025-04-07 07:14:06
184,Outerwear 185,$488.93,Rating: ⭐ 3.2 / 5,3 Colors,Size: XXL,Gender: Women,2025-04-07 07:14:06
185,Jacket 186,$433.78,Rating: ⭐ 4.2 / 5,3 Colors,Size: S,Gender: Unisex,2025-04-07 07:14:06
186,Crewneck 187,$416.47,Rating: ⭐ 3.8 / 5,3 Colors,Size: M,Gender: Men,2025-04-07 07:14:06
187,T-shirt 188,$245.49,Rating: ⭐ 4.4 / 5,3 Colors,Size: L,Gender: Women,2025-04-07 07:14:06
188,Hoodie 189,$121.67,Rating: ⭐ 4.0 / 5,3 Colors,Size: XL,Gender: Unisex,2025-04-07 07:14:06
189,Pants 190,$138.81,Rating: ⭐ 4.5 / 5,3 Colors,Size: XXL,Gender: Men,2025-04-07 07:14:06
190,Unknown Product,$100.00,Rating: ⭐ Invalid Rating / 5,5 Colors,Size: M,Gender: Men,2025-04-07 07:14:06
191,Jacket 192,$316.64,Rating: ⭐ 3.8 / 5,3 Colors,Size: M,Gender: Unisex,2025-04-07 07:14:06
192,Crewneck 193,$459.73,Rating: ⭐ 4.1 / 5,3 Colors,Size: L,Gender: Men,2025-04-07 07:14:06
193,T-shirt 194,$176.17,Rating: ⭐ 4.9 / 5,3 Colors,Size: XL,Gender: Women,2025-04-07 07:14:06
194,Hoodie 195,$450.56,Rating: ⭐ 4.9 / 5,3 Colors,Size: XXL,Gender: Unisex,2025-04-07 07:14:06
195,Pants 196,,Rating: Not Rated,8 Colors,Size: S,Gender: Men,2025-04-07 07:14:06
196,Outerwear 197,$355.10,Rating: ⭐ 4.9 / 5,3 Colors,Size: M,Gender: Women,2025-04-07 07:14:06
197,Jacket 198,$339.69,Rating: ⭐ 4.5 / 5,3 Colors,Size: L,Gender: Unisex,2025-04-07 07:14:06
198,Crewneck 199,$421.52,Rating: ⭐ 3.1 / 5,3 Colors,Size: XL,Gender: Men,2025-04-07 07:14:06
199,T-shirt 200,$393.12,Rating: ⭐ 3.5 / 5,3 Colors,Size: XXL,Gender: Women,2025-04-07 07:14:06
200,Unknown Product,$100.00,Rating: ⭐ Invalid Rating / 5,5 Colors,Size: M,Gender: Men,2025-04-07 07:14:07
201,Pants 202,$349.53,Rating: ⭐ 3.3 / 5,3 Colors,Size: M,Gender: Men,2025-04-07 07:14:07
202,Outerwear 203,$134.00,Rating: ⭐ 3.4 / 5,3 Colors,Size: L,Gender: Women,2025-04-07 07:14:07
203,Jacket 204,$376.94,Rating: ⭐ 3.9 / 5,3 Colors,Size: XL,Gender: Unisex,2025-04-07 07:14:07
204,Crewneck 205,$402.18,Rating: ⭐ 3.2 / 5,3 Colors,Size: XXL,Gender: Men,2025-04-07 07:14:07
205,T-shirt 206,$292.17,Rating: ⭐ 4.5 / 5,3 Colors,Size: S,Gender: Women,2025-04-07 07:14:07
206,Hoodie 207,$381.34,Rating: ⭐ 3.5 / 5,3 Colors,Size: M,Gender: Unisex,2025-04-07 07:14:07
207,Pants 208,$289.85,Rating: ⭐ 3.1 / 5,3 Colors,Size: L,Gender: Men,2025-04-07 07:14:07
208,Outerwear 209,$498.79,Rating: ⭐ 4.3 / 5,3 Colors,Size: XL,Gender: Women,2025-04-07 07:14:07
209,Jacket 210,$489.21,Rating: ⭐ 4.7 / 5,3 Colors,Size: XXL,Gender: Unisex,2025-04-07 07:14:07
210,Unknown Product,$100.00,Rating: ⭐ Invalid Rating / 5,5 Colors,Size: M,Gender: Men,2025-04-07 07:14:07
211,T-shirt 212,$549.68,Rating: ⭐ 4.7 / 5,3 Colors,Size: M,Gender: Women,2025-04-07 07:14:07
212,Hoodie 213,$359.25,Rating: ⭐ 3.6 / 5,3 Colors,Size: L,Gender: Unisex,2025-04-07 07:14:07
213,Pants 214,$269.73,Rating: ⭐ 4.9 / 5,3 Colors,Size: XL,Gender: Men,2025-04-07 07:14:07
214,Outerwear 215,$90.60,Rating: ⭐ 3.8 / 5,3 Colors,Size: XXL,Gender: Women,2025-04-07 07:14:07
215,Jacket 216,$286.03,Rating: ⭐ 4.6 / 5,3 Colors,Size: S,Gender: Unisex,2025-04-07 07:14:07
216,Crewneck 217,$360.81,Rating: ⭐ 4.8 / 5,3 Colors,Size: M,Gender: Men,2025-04-07 07:14:07
217,T-shirt 218,$350.02,Rating: ⭐ 3.1 / 5,3 Colors,Size: L,Gender: Women,2025-04-07 07:14:07
218,Hoodie 219,$354.44,Rating: ⭐ 4.6 / 5,3 Colors,Size: XL,Gender: Unisex,2025-04-07 07:14:07
219,Pants 220,$209.85,Rating: ⭐ 3.2 / 5,3 Colors,Size: XXL,Gender: Men,2025-04-07 07:14:07
220,Unknown Product,$100.00,Rating: ⭐ Invalid Rating / 5,5 Colors,Size: M,Gender: Men,2025-04-07 07:14:08
221,Jacket 222,$464.88,Rating: ⭐ 3.4 / 5,3 Colors,Size: M,Gender: Unisex,2025-04-07 07:14:08
222,Crewneck 223,$59.56,Rating: ⭐ 4.8 / 5,3 Colors,Size: L,Gender: Men,2025-04-07 07:14:08
223,T-shirt 224,$220.91,Rating: ⭐ 4.5 / 5,3 Colors,Size: XL,Gender: Women,2025-04-07 07:14:08
224,Hoodie 225,$327.05,Rating: ⭐ 3.5 / 5,3 Colors,Size: XXL,Gender: Unisex,2025-04-07 07:14:08
225,Pants 226,,Rating: Not Rated,8 Colors,Size: S,Gender: Men,2025-04-07 07:14:08
226,Outerwear 227,$421.41,Rating: ⭐ 4.8 / 5,3 Colors,Size: M,Gender: Women,2025-04-07 07:14:08
227,Jacket 228,$504.80,Rating: ⭐ 4.5 / 5,3 Colors,Size: L,Gender: Unisex,2025-04-07 07:14:08
228,Crewneck 229,$193.87,Rating: ⭐ 4.9 / 5,3 Colors,Size: XL,Gender: Men,2025-04-07 07:14:08
229,T-shirt 230,$445.83,Rating: ⭐ 4.5 / 5,3 Colors,Size: XXL,Gender: Women,2025-04-07 07:14:08
230,Unknown Product,$100.00,Rating: ⭐ Invalid Rating / 5,5 Colors,Size: M,Gender: Men,2025-04-07 07:14:08
231,Pants 232,$520.46,Rating: ⭐ 4.0 / 5,3 Colors,Size: M,Gender: Men,2025-04-07 07:14:08
232,Outerwear 233,$52.96,Rating: ⭐ 4.8 / 5,3 Colors,Size: L,Gender: Women,2025-04-07 07:14:08
233,Jacket 234,$72.45,Rating: ⭐ 4.5 / 5,3 Colors,Size: XL,Gender: Unisex,2025-04-07 07:14:08
234,Crewneck 235,$410.02,Rating: ⭐ 3.4 / 5,3 Colors,Size: XXL,Gender: Men,2025-04-07 07:14:08
235,T-shirt 236,$343.27,Rating: ⭐ 3.9 / 5,3 Colors,Size: S,Gender: Women,2025-04-07 07:14:08
236,Hoodie 237,$296.47,Rating: ⭐ 3.1 / 5,3 Colors,Size: M,Gender: Unisex,2025-04-07 07:14:08
237,Pants 238,$518.87,Rating: ⭐ 3.8 / 5,3 Colors,Size: L,Gender: Men,2025-04-07 07:14:08
238,Outerwear 239,$495.88,Rating: ⭐ 3.1 / 5,3 Colors,Size: XL,Gender: Women,2025-04-07 07:14:08
239,Jacket 240,$475.00,Rating: ⭐ 3.8 / 5,3 Colors,Size: XXL,Gender: Unisex,2025-04-07 07:14:08
240,Unknown Product,$100.00,Rating: ⭐ Invalid Rating / 5,5 Colors,Size: M,Gender: Men,2025-04-07 07:14:08
241,T-shirt 242,$302.10,Rating: ⭐ 3.4 / 5,3 Colors,Size: M,Gender: Women,2025-04-07 07:14:08
242,Hoodie 243,$210.73,Rating: ⭐ 3.1 / 5,3 Colors,Size: L,Gender: Unisex,2025-04-07 07:14:08
243,Pants 244,$507.26,Rating: ⭐ 3.1 / 5,3 Colors,Size: XL,Gender: Men,2025-04-07 07:14:08
244,Outerwear 245,$90.73,Rating: ⭐ 4.0 / 5,3 Colors,Size: XXL,Gender: Women,2025-04-07 07:14:08
245,Jacket 246,$545.94,Rating: ⭐ 3.1 / 5,3 Colors,Size: S,Gender: Unisex,2025-04-07 07:14:08
246,Crewneck 247,$548.07,Rating: ⭐ 3.0 / 5,3 Colors,Size: M,Gender: Men,2025-04-07 07:14:08
247,T-shirt 248,$142.50,Rating: ⭐ 4.5 / 5,3 Colors,Size: L,Gender: Women,2025-04-07 07:14:08
248,Hoodie 249,$134.34,Rating: ⭐ 4.2 / 5,3 Colors,Size: XL,Gender: Unisex,2025-04-07 07:14:08
249,Pants 250,$269.64,Rating: ⭐ 3.1 / 5,3 Colors,Size: XXL,Gender: Men,2025-04-07 07:14:08
250,Unknown Product,$100.00,Rating: ⭐ Invalid Rating / 5,5 Colors,Size: M,Gender: Men,2025-04-07 07:14:08
251,Jacket 252,$525.53,Rating: ⭐ 3.2 / 5,3 Colors,Size: M,Gender: Unisex,2025-04-07 07:14:08
252,Crewneck 253,$115.92,Rating: ⭐ 3.9 / 5,3 Colors,Size: L,Gender: Men,2025-04-07 07:14:08
253,T-shirt 254,$374.01,Rating: ⭐ 3.9 / 5,3 Colors,Size: XL,Gender: Women,2025-04-07 07:14:08
254,Hoodie 255,$229.25,Rating: ⭐ 4.1 / 5,3 Colors,Size: XXL,Gender: Unisex,2025-04-07 07:14:08
255,Pants 256,,Rating: Not Rated,8 Colors,Size: S,Gender: Men,2025-04-07 07:14:08
256,Outerwear 257,$442.07,Rating: ⭐ 5.0 / 5,3 Colors,Size: M,Gender: Women,2025-04-07 07:14:08
257,Jacket 258,$130.04,Rating: ⭐ 4.7 / 5,3 Colors,Size: L,Gender: Unisex,2025-04-07 07:14:08
258,Crewneck 259,$142.22,Rating: ⭐ 3.3 / 5,3 Colors,Size: XL,Gender: Men,2025-04-07 07:14:08
259,T-shirt 260,$391.97,Rating: ⭐ 3.5 / 5,3 Colors,Size: XXL,Gender: Women,2025-04-07 07:14:08
260,Unknown Product,$100.00,Rating: ⭐ Invalid Rating / 5,5 Colors,Size: M,Gender: Men,2025-04-07 07:14:09
261,Pants 262,$68.61,Rating: ⭐ 3.4 / 5,3 Colors,Size: M,Gender: Men,2025-04-07 07:14:09
262,Outerwear 263,$117.40,Rating: ⭐ 4.2 / 5,3 Colors,Size: L,Gender: Women,2025-04-07 07:14:09
263,Jacket 264,$128.94,Rating: ⭐ 4.8 / 5,3 Colors,Size: XL,Gender: Unisex,2025-04-07 07:14:09
264,Crewneck 265,$155.19,Rating: ⭐ 3.5 / 5,3 Colors,Size: XXL,Gender: Men,2025-04-07 07:14:09
265,T-shirt 266,$302.63,Rating: ⭐ 4.6 / 5,3 Colors,Size: S,Gender: Women,2025-04-07 07:14:09
266,Hoodie 267,$255.39,Rating: ⭐ 4.3 / 5,3 Colors,Size: M,Gender: Unisex,2025-04-07 07:14:09
267,Pants 268,$312.82,Rating: ⭐ 3.6 / 5,3 Colors,Size: L,Gender: Men,2025-04-07 07:14:09
268,Outerwear 269,$504.62,Rating: ⭐ 3.1 / 5,3 Colors,Size: XL,Gender: Women,2025-04-07 07:14:09
269,Jacket 270,$160.57,Rating: ⭐ 4.2 / 5,3 Colors,Size: XXL,Gender: Unisex,2025-04-07 07:14:09
270,Unknown Product,$100.00,Rating: ⭐ Invalid Rating / 5,5 Colors,Size: M,Gender: Men,2025-04-07 07:14:09
271,T-shirt 272,$363.24,Rating: ⭐ 3.3 / 5,3 Colors,Size: M,Gender: Women,2025-04-07 07:14:09
272,Hoodie 273,$330.71,Rating: ⭐ 4.9 / 5,3 Colors,Size: L,Gender: Unisex,2025-04-07 07:14:09
273,Pants 274,$229.33,Rating: ⭐ 4.2 / 5,3 Colors,Size: XL,Gender: Men,2025-04-07 07:14:09
274,Outerwear 275,$348.46,Rating: ⭐ 4.8 / 5,3 Colors,Size: XXL,Gender: Women,2025-04-07 07:14:09
275,Jacket 276,$63.35,Rating: ⭐ 4.3 / 5,3 Colors,Size: S,Gender: Unisex,2025-04-07 07:14:09
276,Crewneck 277,$148.98,Rating: ⭐ 4.7 / 5,3 Colors,Size: M,Gender: Men,2025-04-07 07:14:09
277,T-shirt 278,$130.46,Rating: ⭐ 3.8 / 5,3 Colors,Size: L,Gender: Women,2025-04-07 07:14:09
278,Hoodie 279,$349.52,Rating: ⭐ 4.7 / 5,3 Colors,Size: XL,Gender: Unisex,2025-04-07 07:14:09
279,Pants 280,$468.84,Rating: ⭐ 3.9 / 5,3 Colors,Size: XXL,Gender: Men,2025-04-07 07:14:09
280,Unknown Product,$100.00,Rating: ⭐ Invalid Rating / 5,5 Colors,Size: M,Gender: Men,2025-04-07 07:14:10
281,Jacket 282,$139.19,Rating: ⭐ 3.0 / 5,3 Colors,Size: M,Gender: Unisex,2025-04-07 07:14:10
282,Crewneck 283,$414.57,Rating: ⭐ 3.2 / 5,3 Colors,Size: L,Gender: Men,2025-04-07 07:14:10
283,T-shirt 284,$410.50,Rating: ⭐ 3.6 / 5,3 Colors,Size: XL,Gender: Women,2025-04-07 07:14:10
284,Hoodie 285,$188.07,Rating: ⭐ 3.2 / 5,3 Colors,Size: XXL,Gender: Unisex,2025-04-07 07:14:10
285,Pants 286,,Rating: Not Rated,8 Colors,Size: S,Gender: Men,2025-04-07 07:14:10
286,Outerwear 287,$329.60,Rating: ⭐ 3.7 / 5,3 Colors,Size: M,Gender: Women,2025-04-07 07:14:10
287,Jacket 288,$195.19,Rating: ⭐ 4.1 / 5,3 Colors,Size: L,Gender: Unisex,2025-04-07 07:14:10
288,Crewneck 289,$55.50,Rating: ⭐ 4.0 / 5,3 Colors,Size: XL,Gender: Men,2025-04-07 07:14:10
289,T-shirt 290,$401.57,Rating: ⭐ 4.2 / 5,3 Colors,Size: XXL,Gender: Women,2025-04-07 07:14:10
290,Unknown Product,$100.00,Rating: ⭐ Invalid Rating / 5,5 Colors,Size: M,Gender: Men,2025-04-07 07:14:10
291,Pants 292,$149.03,Rating: ⭐ 3.9 / 5,3 Colors,Size: M,Gender: Men,2025-04-07 07:14:10
292,Outerwear 293,$73.51,Rating: ⭐ 4.5 / 5,3 Colors,Size: L,Gender: Women,2025-04-07 07:14:10
293,Jacket 294,$371.70,Rating: ⭐ 3.8 / 5,3 Colors,Size: XL,Gender: Unisex,2025-04-07 07:14:10
294,Crewneck 295,$454.17,Rating: ⭐ 4.9 / 5,3 Colors,Size: XXL,Gender: Men,2025-04-07 07:14:10
295,T-shirt 296,$73.26,Rating: ⭐ 3.1 / 5,3 Colors,Size: S,Gender: Women,2025-04-07 07:14:10
296,Hoodie 297,$487.57,Rating: ⭐ 3.6 / 5,3 Colors,Size: M,Gender: Unisex,2025-04-07 07:14:10
297,Pants 298,$151.63,Rating: ⭐ 4.8 / 5,3 Colors,Size: L,Gender: Men,2025-04-07 07:14:10
298,Outerwear 299,$121.74,Rating: ⭐ 4.3 / 5,3 Colors,Size: XL,Gender: Women,2025-04-07 07:14:10
299,Jacket 300,$400.53,Rating: ⭐ 4.0 / 5,3 Colors,Size: XXL,Gender: Unisex,2025-04-07 07:14:10
300,Unknown Product,$100.00,Rating: ⭐ Invalid Rating / 5,5 Colors,Size: M,Gender: Men,2025-04-07 07:14:11
301,T-shirt 302,$356.95,Rating: ⭐ 3.2 / 5,3 Colors,Size: M,Gender: Women,2025-04-07 07:14:11
302,Hoodie 303,$498.41,Rating: ⭐ 4.1 / 5,3 Colors,Size: L,Gender: Unisex,2025-04-07 07:14:11
303,Pants 304,$445.61,Rating: ⭐ 3.4 / 5,3 Colors,Size: XL,Gender: Men,2025-04-07 07:14:11
304,Outerwear 305,$395.34,Rating: ⭐ 4.5 / 5,3 Colors,Size: XXL,Gender: Women,2025-04-07 07:14:11
305,Jacket 306,$473.44,Rating: ⭐ 4.2 / 5,3 Colors,Size: S,Gender: Unisex,2025-04-07 07:14:11
306,Crewneck 307,$483.45,Rating: ⭐ 3.7 / 5,3 Colors,Size: M,Gender: Men,2025-04-07 07:14:11
307,T-shirt 308,$255.38,Rating: ⭐ 4.1 / 5,3 Colors,Size: L,Gender: Women,2025-04-07 07:14:11
308,Hoodie 309,$247.07,Rating: ⭐ 4.8 / 5,3 Colors,Size: XL,Gender: Unisex,2025-04-07 07:14:11
309,Pants 310,$395.58,Rating: ⭐ 4.7 / 5,3 Colors,Size: XXL,Gender: Men,2025-04-07 07:14:11
310,Unknown Product,$100.00,Rating: ⭐ Invalid Rating / 5,5 Colors,Size: M,Gender: Men,2025-04-07 07:14:11
311,Jacket 312,$454.19,Rating: ⭐ 3.8 / 5,3 Colors,Size: M,Gender: Unisex,2025-04-07 07:14:11
312,Crewneck 313,$121.77,Rating: ⭐ 3.1 / 5,3 Colors,Size: L,Gender: Men,2025-04-07 07:14:11
313,T-shirt 314,$376.07,Rating: ⭐ 3.2 / 5,3 Colors,Size: XL,Gender: Women,2025-04-07 07:14:11
314,Hoodie 315,$438.93,Rating: ⭐ 3.1 / 5,3 Colors,Size: XXL,Gender: Unisex,2025-04-07 07:14:11
315,Pants 316,,Rating: Not Rated,8 Colors,Size: S,Gender: Men,2025-04-07 07:14:11
316,Outerwear 317,$328.69,Rating: ⭐ 3.3 / 5,3 Colors,Size: M,Gender: Women,2025-04-07 07:14:11
317,Jacket 318,$354.20,Rating: ⭐ 3.7 / 5,3 Colors,Size: L,Gender: Unisex,2025-04-07 07:14:11
318,Crewneck 319,$192.87,Rating: ⭐ 3.3 / 5,3 Colors,Size: XL,Gender: Men,2025-04-07 07:14:11
319,T-shirt 320,$51.84,Rating: ⭐ 3.3 / 5,3 Colors,Size: XXL,Gender: Women,2025-04-07 07:14:11
320,Unknown Product,$100.00,Rating: ⭐ Invalid Rating / 5,5 Colors,Size: M,Gender: Men,2025-04-07 07:14:11
321,Pants 322,$488.15,Rating: ⭐ 3.2 / 5,3 Colors,Size: M,Gender: Men,2025-04-07 07:14:11
322,Outerwear 323,$529.25,Rating: ⭐ 3.1 / 5,3 Colors,Size: L,Gender: Women,2025-04-07 07:14:11
323,Jacket 324,$380.17,Rating: ⭐ 3.3 / 5,3 Colors,Size: XL,Gender: Unisex,2025-04-07 07:14:11
324,Crewneck 325,$187.61,Rating: ⭐ 3.4 / 5,3 Colors,Size: XXL,Gender: Men,2025-04-07 07:14:11
325,T-shirt 326,$282.46,Rating: ⭐ 4.9 / 5,3 Colors,Size: S,Gender: Women,2025-04-07 07:14:11
326,Hoodie 327,$415.09,Rating: ⭐ 4.4 / 5,3 Colors,Size: M,Gender: Unisex,2025-04-07 07:14:11
327,Pants 328,$358.31,Rating: ⭐ 4.5 / 5,3 Colors,Size: L,Gender: Men,2025-04-07 07:14:11
328,Outerwear 329,$420.26,Rating: ⭐ 4.7 / 5,3 Colors,Size: XL,Gender: Women,2025-04-07 07:14:11
329,Jacket 330,$99.45,Rating: ⭐ 4.3 / 5,3 Colors,Size: XXL,Gender: Unisex,2025-04-07 07:14:11
330,Unknown Product,$100.00,Rating: ⭐ Invalid Rating / 5,5 Colors,Size: M,Gender: Men,2025-04-07 07:14:11
331,T-shirt 332,$145.98,Rating: ⭐ 3.4 / 5,3 Colors,Size: M,Gender: Women,2025-04-07 07:14:11
332,Hoodie 333,$109.13,Rating: ⭐ 4.8 / 5,3 Colors,Size: L,Gender: Unisex,2025-04-07 07:14:11
333,Pants 334,$150.59,Rating: ⭐ 3.8 / 5,3 Colors,Size: XL,Gender: Men,2025-04-07 07:14:11
334,Outerwear 335,$176.67,Rating: ⭐ 3.0 / 5,3 Colors,Size: XXL,Gender: Women,2025-04-07 07:14:11
335,Jacket 336,$389.86,Rating: ⭐ 5.0 / 5,3 Colors,Size: S,Gender: Unisex,2025-04-07 07:14:11
336,Crewneck 337,$538.05,Rating: ⭐ 4.3 / 5,3 Colors,Size: M,Gender: Men,2025-04-07 07:14:11
337,T-shirt 338,$180.21,Rating: ⭐ 3.9 / 5,3 Colors,Size: L,Gender: Women,2025-04-07 07:14:11
338,Hoodie 339,$276.55,Rating: ⭐ 4.9 / 5,3 Colors,Size: XL,Gender: Unisex,2025-04-07 07:14:11
339,Pants 340,$373.45,Rating: ⭐ 4.3 / 5,3 Colors,Size: XXL,Gender: Men,2025-04-07 07:14:11
340,Unknown Product,$100.00,Rating: ⭐ Invalid Rating / 5,5 Colors,Size: M,Gender: Men,2025-04-07 07:14:12
341,Jacket 342,$114.23,Rating: ⭐ 4.8 / 5,3 Colors,Size: M,Gender: Unisex,2025-04-07 07:14:12
342,Crewneck 343,$142.44,Rating: ⭐ 4.1 / 5,3 Colors,Size: L,Gender: Men,2025-04-07 07:14:12
343,T-shirt 344,$213.48,Rating: ⭐ 4.5 / 5,3 Colors,Size: XL,Gender: Women,2025-04-07 07:14:12
344,Hoodie 345,$473.59,Rating: ⭐ 3.3 / 5,3 Colors,Size: XXL,Gender: Unisex,2025-04-07 07:14:12
345,Pants 346,,Rating: Not Rated,8 Colors,Size: S,Gender: Men,2025-04-07 07:14:12
346,Outerwear 347,$436.63,Rating: ⭐ 4.7 / 5,3 Colors,Size: M,Gender: Women,2025-04-07 07:14:12
347,Jacket 348,$199.69,Rating: ⭐ 4.6 / 5,3 Colors,Size: L,Gender: Unisex,2025-04-07 07:14:12
348,Crewneck 349,$380.35,Rating: ⭐ 3.5 / 5,3 Colors,Size: XL,Gender: Men,2025-04-07 07:14:12
349,T-shirt 350,$502.98,Rating: ⭐ 5.0 / 5,3 Colors,Size: XXL,Gender: Women,2025-04-07 07:14:12
350,Unknown Product,$100.00,Rating: ⭐ Invalid Rating / 5,5 Colors,Size: M,Gender: Men,2025-04-07 07:14:12
351,Pants 352,$177.43,Rating: ⭐ 4.0 / 5,3 Colors,Size: M,Gender: Men,2025-04-07 07:14:12
352,Outerwear 353,$60.10,Rating: ⭐ 3.6 / 5,3 Colors,Size: L,Gender: Women,2025-04-07 07:14:12
353,Jacket 354,$143.42,Rating: ⭐ 3.8 / 5,3 Colors,Size: XL,Gender: Unisex,2025-04-07 07:14:12
354,Crewneck 355,$265.41,Rating: ⭐ 3.2 / 5,3 Colors,Size: XXL,Gender: Men,2025-04-07 07:14:12
355,T-shirt 356,$446.88,Rating: ⭐ 4.3 / 5,3 Colors,Size: S,Gender: Women,2025-04-07 07:14:12
356,Hoodie 357,$233.71,Rating: ⭐ 3.6 / 5,3 Colors,Size: M,Gender: Unisex,2025-04-07 07:14:12
357,Pants 358,$529.97,Rating: ⭐ 3.9 / 5,3 Colors,Size: L,Gender: Men,2025-04-07 07:14:12
358,Outerwear 359,$106.03,Rating: ⭐ 4.3 / 5,3 Colors,Size: XL,Gender: Women,2025-04-07 07:14:12
359,Jacket 360,$549.27,Rating: ⭐ 4.8 / 5,3 Colors,Size: XXL,Gender: Unisex,2025-04-07 07:14:12
360,Unknown Product,$100.00,Rating: ⭐ Invalid Rating / 5,5 Colors,Size: M,Gender: Men,2025-04-07 07:14:13
361,T-shirt 362,$298.55,Rating: ⭐ 5.0 / 5,3 Colors,Size: M,Gender: Women,2025-04-07 07:14:13
362,Hoodie 363,$73.21,Rating: ⭐ 3.2 / 5,3 Colors,Size: L,Gender: Unisex,2025-04-07 07:14:13
363,Pants 364,$310.80,Rating: ⭐ 4.8 / 5,3 Colors,Size: XL,Gender: Men,2025-04-07 07:14:13
364,Outerwear 365,$434.78,Rating: ⭐ 4.5 / 5,3 Colors,Size: XXL,Gender: Women,2025-04-07 07:14:13
365,Jacket 366,$365.93,Rating: ⭐ 4.9 / 5,3 Colors,Size: S,Gender: Unisex,2025-04-07 07:14:13
366,Crewneck 367,$522.46,Rating: ⭐ 4.9 / 5,3 Colors,Size: M,Gender: Men,2025-04-07 07:14:13
367,T-shirt 368,$60.32,Rating: ⭐ 3.2 / 5,3 Colors,Size: L,Gender: Women,2025-04-07 07:14:13
368,Hoodie 369,$450.31,Rating: ⭐ 4.7 / 5,3 Colors,Size: XL,Gender: Unisex,2025-04-07 07:14:13
369,Pants 370,$284.98,Rating: ⭐ 3.6 / 5,3 Colors,Size: XXL,Gender: Men,2025-04-07 07:14:13
370,Unknown Product,$100.00,Rating: ⭐ Invalid Rating / 5,5 Colors,Size: M,Gender: Men,2025-04-07 07:14:13
371,Jacket 372,$315.81,Rating: ⭐ 3.6 / 5,3 Colors,Size: M,Gender: Unisex,2025-04-07 07:14:13
372,Crewneck 373,$139.44,Rating: ⭐ 3.6 / 5,3 Colors,Size: L,Gender: Men,2025-04-07 07:14:13
373,T-shirt 374,$481.07,Rating: ⭐ 3.9 / 5,3 Colors,Size: XL,Gender: Women,2025-04-07 07:14:13
374,Hoodie 375,$439.22,Rating: ⭐ 3.9 / 5,3 Colors,Size: XXL,Gender: Unisex,2025-04-07 07:14:13
375,Pants 376,,Rating: Not Rated,8 Colors,Size: S,Gender: Men,2025-04-07 07:14:13
376,Outerwear 377,$425.13,Rating: ⭐ 4.8 / 5,3 Colors,Size: M,Gender: Women,2025-04-07 07:14:13
377,Jacket 378,$212.65,Rating: ⭐ 3.6 / 5,3 Colors,Size: L,Gender: Unisex,2025-04-07 07:14:13
378,Crewneck 379,$247.70,Rating: ⭐ 4.4 / 5,3 Colors,Size: XL,Gender: Men,2025-04-07 07:14:13
379,T-shirt 380,$159.19,Rating: ⭐ 3.8 / 5,3 Colors,Size: XXL,Gender: Women,2025-04-07 07:14:13
380,Unknown Product,$100.00,Rating: ⭐ Invalid Rating / 5,5 Colors,Size: M,Gender: Men,2025-04-07 07:14:13
381,Pants 382,$84.76,Rating: ⭐ 4.4 / 5,3 Colors,Size: M,Gender: Men,2025-04-07 07:14:13
382,Outerwear 383,$214.44,Rating: ⭐ 3.4 / 5,3 Colors,Size: L,Gender: Women,2025-04-07 07:14:13
383,Jacket 384,$90.81,Rating: ⭐ 3.3 / 5,3 Colors,Size: XL,Gender: Unisex,2025-04-07 07:14:13
384,Crewneck 385,$496.92,Rating: ⭐ 4.9 / 5,3 Colors,Size: XXL,Gender: Men,2025-04-07 07:14:13
385,T-shirt 386,$299.60,Rating: ⭐ 4.6 / 5,3 Colors,Size: S,Gender: Women,2025-04-07 07:14:13
386,Hoodie 387,$526.13,Rating: ⭐ 4.2 / 5,3 Colors,Size: M,Gender: Unisex,2025-04-07 07:14:13
387,Pants 388,$58.20,Rating: ⭐ 3.1 / 5,3 Colors,Size: L,Gender: Men,2025-04-07 07:14:13
388,Outerwear 389,$180.20,Rating: ⭐ 5.0 / 5,3 Colors,Size: XL,Gender: Women,2025-04-07 07:14:13
389,Jacket 390,$339.56,Rating: ⭐ 3.3 / 5,3 Colors,Size: XXL,Gender: Unisex,2025-04-07 07:14:13
390,Unknown Product,$100.00,Rating: ⭐ Invalid Rating / 5,5 Colors,Size: M,Gender: Men,2025-04-07 07:14:13
391,T-shirt 392,$76.63,Rating: ⭐ 4.4 / 5,3 Colors,Size: M,Gender: Women,2025-04-07 07:14:13
392,Hoodie 393,$254.28,Rating: ⭐ 3.2 / 5,3 Colors,Size: L,Gender: Unisex,2025-04-07 07:14:13
393,Pants 394,$221.25,Rating: ⭐ 3.3 / 5,3 Colors,Size: XL,Gender: Men,2025-04-07 07:14:13
394,Outerwear 395,$193.67,Rating: ⭐ 4.0 / 5,3 Colors,Size: XXL,Gender: Women,2025-04-07 07:14:13
395,Jacket 396,$156.58,Rating: ⭐ 3.9 / 5,3 Colors,Size: S,Gender: Unisex,2025-04-07 07:14:13
396,Crewneck 397,$53.46,Rating: ⭐ 3.6 / 5,3 Colors,Size: M,Gender: Men,2025-04-07 07:14:13
397,T-shirt 398,$287.05,Rating: ⭐ 4.7 / 5,3 Colors,Size: L,Gender: Women,2025-04-07 07:14:13
398,Hoodie 399,$157.72,Rating: ⭐ 3.6 / 5,3 Colors,Size: XL,Gender: Unisex,2025-04-07 07:14:13
399,Pants 400,$376.29,Rating: ⭐ 4.7 / 5,3 Colors,Size: XXL,Gender: Men,2025-04-07 07:14:13
400,Unknown Product,$100.00,Rating: ⭐ Invalid Rating / 5,5 Colors,Size: M,Gender: Men,2025-04-07 07:14:14
401,Jacket 402,$126.82,Rating: ⭐ 4.6 / 5,3 Colors,Size: M,Gender: Unisex,2025-04-07 07:14:14
402,Crewneck 403,$98.77,Rating: ⭐ 4.1 / 5,3 Colors,Size: L,Gender: Men,2025-04-07 07:14:14
403,T-shirt 404,$218.82,Rating: ⭐ 4.9 / 5,3 Colors,Size: XL,Gender: Women,2025-04-07 07:14:14
404,Hoodie 405,$317.51,Rating: ⭐ 3.8 / 5,3 Colors,Size: XXL,Gender: Unisex,2025-04-07 07:14:14
405,Pants 406,,Rating: Not Rated,8 Colors,Size: S,Gender: Men,2025-04-07 07:14:14
406,Outerwear 407,$172.58,Rating: ⭐ 3.7 / 5,3 Colors,Size: M,Gender: Women,2025-04-07 07:14:14
407,Jacket 408,$261.00,Rating: ⭐ 4.9 / 5,3 Colors,Size: L,Gender: Unisex,2025-04-07 07:14:14
408,Crewneck 409,$201.36,Rating: ⭐ 3.5 / 5,3 Colors,Size: XL,Gender: Men,2025-04-07 07:14:14
409,T-shirt 410,$99.17,Rating: ⭐ 3.1 / 5,3 Colors,Size: XXL,Gender: Women,2025-04-07 07:14:14
410,Unknown Product,$100.00,Rating: ⭐ Invalid Rating / 5,5 Colors,Size: M,Gender: Men,2025-04-07 07:14:14
411,Pants 412,$339.89,Rating: ⭐ 4.4 / 5,3 Colors,Size: M,Gender: Men,2025-04-07 07:14:14
412,Outerwear 413,$81.65,Rating: ⭐ 3.4 / 5,3 Colors,Size: L,Gender: Women,2025-04-07 07:14:14
413,Jacket 414,$139.67,Rating: ⭐ 3.7 / 5,3 Colors,Size: XL,Gender: Unisex,2025-04-07 07:14:14
414,Crewneck 415,$226.09,Rating: ⭐ 3.1 / 5,3 Colors,Size: XXL,Gender: Men,2025-04-07 07:14:14
415,T-shirt 416,$278.38,Rating: ⭐ 3.1 / 5,3 Colors,Size: S,Gender: Women,2025-04-07 07:14:14
416,Hoodie 417,$173.09,Rating: ⭐ 4.6 / 5,3 Colors,Size: M,Gender: Unisex,2025-04-07 07:14:14
417,Pants 418,$394.24,Rating: ⭐ 5.0 / 5,3 Colors,Size: L,Gender: Men,2025-04-07 07:14:14
418,Outerwear 419,$437.75,Rating: ⭐ 5.0 / 5,3 Colors,Size: XL,Gender: Women,2025-04-07 07:14:14
419,Jacket 420,$154.54,Rating: ⭐ 3.1 / 5,3 Colors,Size: XXL,Gender: Unisex,2025-04-07 07:14:14
420,Unknown Product,$100.00,Rating: ⭐ Invalid Rating / 5,5 Colors,Size: M,Gender: Men,2025-04-07 07:14:14
421,T-shirt 422,$57.77,Rating: ⭐ 3.9 / 5,3 Colors,Size: M,Gender: Women,2025-04-07 07:14:14
422,Hoodie 423,$287.61,Rating: ⭐ 3.7 / 5,3 Colors,Size: L,Gender: Unisex,2025-04-07 07:14:14
423,Pants 424,$241.61,Rating: ⭐ 4.4 / 5,3 Colors,Size: XL,Gender: Men,2025-04-07 07:14:14
424,Outerwear 425,$158.03,Rating: ⭐ 4.8 / 5,3 Colors,Size: XXL,Gender: Women,2025-04-07 07:14:14
425,Jacket 426,$216.40,Rating: ⭐ 3.4 / 5,3 Colors,Size: S,Gender: Unisex,2025-04-07 07:14:14
426,Crewneck 427,$398.45,Rating: ⭐ 3.3 / 5,3 Colors,Size: M,Gender: Men,2025-04-07 07:14:14
427,T-shirt 428,$440.82,Rating: ⭐ 4.9 / 5,3 Colors,Size: L,Gender: Women,2025-04-07 07:14:14
428,Hoodie 429,$103.66,Rating: ⭐ 4.9 / 5,3 Colors,Size: XL,Gender: Unisex,2025-04-07 07:14:14
429,Pants 430,$90.13,Rating: ⭐ 3.9 / 5,3 Colors,Size: XXL,Gender: Men,2025-04-07 07:14:14
430,Unknown Product,$100.00,Rating: ⭐ Invalid Rating / 5,5 Colors,Size: M,Gender: Men,2025-04-07 07:14:14
431,Jacket 432,$134.49,Rating: ⭐ 4.5 / 5,3 Colors,Size: M,Gender: Unisex,2025-04-07 07:14:14
432,Crewneck 433,$242.03,Rating: ⭐ 4.2 / 5,3 Colors,Size: L,Gender: Men,2025-04-07 07:14:14
433,T-shirt 434,$409.82,Rating: ⭐ 4.9 / 5,3 Colors,Size: XL,Gender: Women,2025-04-07 07:14:14
434,Hoodie 435,$63.48,Rating: ⭐ 4.0 / 5,3 Colors,Size: XXL,Gender: Unisex,2025-04-07 07:14:14
435,Pants 436,,Rating: Not Rated,8 Colors,Size: S,Gender: Men,2025-04-07 07:14:14
436,Outerwear 437,$63.55,Rating: ⭐ 3.9 / 5,3 Colors,Size: M,Gender: Women,2025-04-07 07:14:14
437,Jacket 438,$153.32,Rating: ⭐ 4.5 / 5,3 Colors,Size: L,Gender: Unisex,2025-04-07 07:14:14
438,Crewneck 439,$250.34,Rating: ⭐ 3.2 / 5,3 Colors,Size: XL,Gender: Men,2025-04-07 07:14:14
439,T-shirt 440,$332.88,Rating: ⭐ 3.0 / 5,3 Colors,Size: XXL,Gender: Women,2025-04-07 07:14:14
440,Unknown Product,$100.00,Rating: ⭐ Invalid Rating / 5,5 Colors,Size: M,Gender: Men,2025-04-07 07:14:15
441,Pants 442,$293.85,Rating: ⭐ 4.3 / 5,3 Colors,Size: M,Gender: Men,2025-04-07 07:14:15
442,Outerwear 443,$453.92,Rating: ⭐ 4.2 / 5,3 Colors,Size: L,Gender: Women,2025-04-07 07:14:15
443,Jacket 444,$251.06,Rating: ⭐ 3.3 / 5,3 Colors,Size: XL,Gender: Unisex,2025-04-07 07:14:15
444,Crewneck 445,$223.39,Rating: ⭐ 4.5 / 5,3 Colors,Size: XXL,Gender: Men,2025-04-07 07:14:15
445,T-shirt 446,$483.76,Rating: ⭐ 3.2 / 5,3 Colors,Size: S,Gender: Women,2025-04-07 07:14:15
446,Hoodie 447,$296.79,Rating: ⭐ 4.0 / 5,3 Colors,Size: M,Gender: Unisex,2025-04-07 07:14:15
447,Pants 448,$51.26,Rating: ⭐ 4.4 / 5,3 Colors,Size: L,Gender: Men,2025-04-07 07:14:15
448,Outerwear 449,$400.63,Rating: ⭐ 4.0 / 5,3 Colors,Size: XL,Gender: Women,2025-04-07 07:14:15
449,Jacket 450,$547.18,Rating: ⭐ 3.1 / 5,3 Colors,Size: XXL,Gender: Unisex,2025-04-07 07:14:15
450,Unknown Product,$100.00,Rating: ⭐ Invalid Rating / 5,5 Colors,Size: M,Gender: Men,2025-04-07 07:14:15
451,T-shirt 452,$430.80,Rating: ⭐ 4.4 / 5,3 Colors,Size: M,Gender: Women,2025-04-07 07:14:15
452,Hoodie 453,$411.06,Rating: ⭐ 4.2 / 5,3 Colors,Size: L,Gender: Unisex,2025-04-07 07:14:15
453,Pants 454,$136.22,Rating: ⭐ 5.0 / 5,3 Colors,Size: XL,Gender: Men,2025-04-07 07:14:15
454,Outerwear 455,$68.38,Rating: ⭐ 4.8 / 5,3 Colors,Size: XXL,Gender: Women,2025-04-07 07:14:15
455,Jacket 456,$506.00,Rating: ⭐ 4.1 / 5,3 Colors,Size: S,Gender: Unisex,2025-04-07 07:14:15
456,Crewneck 457,$458.93,Rating: ⭐ 4.8 / 5,3 Colors,Size: M,Gender: Men,2025-04-07 07:14:15
457,T-shirt 458,$265.00,Rating: ⭐ 4.4 / 5,3 Colors,Size: L,Gender: Women,2025-04-07 07:14:15
458,Hoodie 459,$202.33,Rating: ⭐ 3.5 / 5,3 Colors,Size: XL,Gender: Unisex,2025-04-07 07:14:15
459,Pants 460,$117.55,Rating: ⭐ 3.6 / 5,3 Colors,Size: XXL,Gender: Men,2025-04-07 07:14:15
460,Unknown Product,$100.00,Rating: ⭐ Invalid Rating / 5,5 Colors,Size: M,Gender: Men,2025-04-07 07:14:16
461,Jacket 462,$422.99,Rating: ⭐ 4.5 / 5,3 Colors,Size: M,Gender: Unisex,2025-04-07 07:14:16
462,Crewneck 463,$471.22,Rating: ⭐ 4.5 / 5,3 Colors,Size: L,Gender: Men,2025-04-07 07:14:16
463,T-shirt 464,$379.38,Rating: ⭐ 4.5 / 5,3 Colors,Size: XL,Gender: Women,2025-04-07 07:14:16
464,Hoodie 465,$385.27,Rating: ⭐ 4.7 / 5,3 Colors,Size: XXL,Gender: Unisex,2025-04-07 07:14:16
465,Pants 466,,Rating: Not Rated,8 Colors,Size: S,Gender: Men,2025-04-07 07:14:16
466,Outerwear 467,$82.87,Rating: ⭐ 3.5 / 5,3 Colors,Size: M,Gender: Women,2025-04-07 07:14:16
467,Jacket 468,$286.56,Rating: ⭐ 3.7 / 5,3 Colors,Size: L,Gender: Unisex,2025-04-07 07:14:16
468,Crewneck 469,$108.68,Rating: ⭐ 4.2 / 5,3 Colors,Size: XL,Gender: Men,2025-04-07 07:14:16
469,T-shirt 470,$483.68,Rating: ⭐ 3.1 / 5,3 Colors,Size: XXL,Gender: Women,2025-04-07 07:14:16
470,Unknown Product,$100.00,Rating: ⭐ Invalid Rating / 5,5 Colors,Size: M,Gender: Men,2025-04-07 07:14:16
471,Pants 472,$243.88,Rating: ⭐ 3.1 / 5,3 Colors,Size: M,Gender: Men,2025-04-07 07:14:16
472,Outerwear 473,$342.38,Rating: ⭐ 4.2 / 5,3 Colors,Size: L,Gender: Women,2025-04-07 07:14:16
473,Jacket 474,$366.56,Rating: ⭐ 4.7 / 5,3 Colors,Size: XL,Gender: Unisex,2025-04-07 07:14:16
474,Crewneck 475,$438.58,Rating: ⭐ 4.6 / 5,3 Colors,Size: XXL,Gender: Men,2025-04-07 07:14:16
475,T-shirt 476,$249.14,Rating: ⭐ 4.3 / 5,3 Colors,Size: S,Gender: Women,2025-04-07 07:14:16
476,Hoodie 477,$414.13,Rating: ⭐ 4.2 / 5,3 Colors,Size: M,Gender: Unisex,2025-04-07 07:14:16
477,Pants 478,$307.00,Rating: ⭐ 3.8 / 5,3 Colors,Size: L,Gender: Men,2025-04-07 07:14:16
478,Outerwear 479,$456.40,Rating: ⭐ 4.4 / 5,3 Colors,Size: XL,Gender: Women,2025-04-07 07:14:16
479,Jacket 480,$311.64,Rating: ⭐ 4.2 / 5,3 Colors,Size: XXL,Gender: Unisex,2025-04-07 07:14:16
480,Unknown Product,$100.00,Rating: ⭐ Invalid Rating / 5,5 Colors,Size: M,Gender: Men,2025-04-07 07:14:17
481,T-shirt 482,$209.53,Rating: ⭐ 4.8 / 5,3 Colors,Size: M,Gender: Women,2025-04-07 07:14:17
482,Hoodie 483,$252.19,Rating: ⭐ 4.2 / 5,3 Colors,Size: L,Gender: Unisex,2025-04-07 07:14:17
483,Pants 484,$401.79,Rating: ⭐ 4.1 / 5,3 Colors,Size: XL,Gender: Men,2025-04-07 07:14:17
484,Outerwear 485,$252.78,Rating: ⭐ 4.7 / 5,3 Colors,Size: XXL,Gender: Women,2025-04-07 07:14:17
485,Jacket 486,$160.86,Rating: ⭐ 3.0 / 5,3 Colors,Size: S,Gender: Unisex,2025-04-07 07:14:17
486,Crewneck 487,$434.72,Rating: ⭐ 3.7 / 5,3 Colors,Size: M,Gender: Men,2025-04-07 07:14:17
487,T-shirt 488,$549.36,Rating: ⭐ 3.8 / 5,3 Colors,Size: L,Gender: Women,2025-04-07 07:14:17
488,Hoodie 489,$222.16,Rating: ⭐ 5.0 / 5,3 Colors,Size: XL,Gender: Unisex,2025-04-07 07:14:17
489,Pants 490,$442.60,Rating: ⭐ 3.1 / 5,3 Colors,Size: XXL,Gender: Men,2025-04-07 07:14:17
490,Unknown Product,$100.00,Rating: ⭐ Invalid Rating / 5,5 Colors,Size: M,Gender: Men,2025-04-07 07:14:17
491,Jacket 492,$375.74,Rating: ⭐ 3.0 / 5,3 Colors,Size: M,Gender: Unisex,2025-04-07 07:14:17
492,Crewneck 493,$316.97,Rating: ⭐ 4.8 / 5,3 Colors,Size: L,Gender: Men,2025-04-07 07:14:17
493,T-shirt 494,$86.88,Rating: ⭐ 3.4 / 5,3 Colors,Size: XL,Gender: Women,2025-04-07 07:14:17
494,Hoodie 495,$103.95,Rating: ⭐ 4.5 / 5,3 Colors,Size: XXL,Gender: Unisex,2025-04-07 07:14:17
495,Pants 496,,Rating: Not Rated,8 Colors,Size: S,Gender: Men,2025-04-07 07:14:17
496,Outerwear 497,$247.36,Rating: ⭐ 4.4 / 5,3 Colors,Size: M,Gender: Women,2025-04-07 07:14:17
497,Jacket 498,$275.80,Rating: ⭐ 4.6 / 5,3 Colors,Size: L,Gender: Unisex,2025-04-07 07:14:17
498,Crewneck 499,$489.12,Rating: ⭐ 4.1 / 5,3 Colors,Size: XL,Gender: Men,2025-04-07 07:14:17
499,T-shirt 500,$507.15,Rating: ⭐ 4.2 / 5,3 Colors,Size: XXL,Gender: Women,2025-04-07 07:14:17
500,Unknown Product,$100.00,Rating: ⭐ Invalid Rating / 5,5 Colors,Size: M,Gender: Men,2025-04-07 07:14:17
501,Pants 502,$445.78,Rating: ⭐ 4.4 / 5,3 Colors,Size: M,Gender: Men,2025-04-07 07:14:17
502,Outerwear 503,$307.78,Rating: ⭐ 4.8 / 5,3 Colors,Size: L,Gender: Women,2025-04-07 07:14:17
503,Jacket 504,$501.53,Rating: ⭐ 5.0 / 5,3 Colors,Size: XL,Gender: Unisex,2025-04-07 07:14:17
504,Crewneck 505,$546.73,Rating: ⭐ 4.3 / 5,3 Colors,Size: XXL,Gender: Men,2025-04-07 07:14:17
505,T-shirt 506,$535.75,Rating: ⭐ 3.6 / 5,3 Colors,Size: S,Gender: Women,2025-04-07 07:14:17
506,Hoodie 507,$427.75,Rating: ⭐ 4.7 / 5,3 Colors,Size: M,Gender: Unisex,2025-04-07 07:14:17
507,Pants 508,$485.38,Rating: ⭐ 3.5 / 5,3 Colors,Size: L,Gender: Men,2025-04-07 07:14:17
508,Outerwear 509,$448.65,Rating: ⭐ 3.1 / 5,3 Colors,Size: XL,Gender: Women,2025-04-07 07:14:17
509,Jacket 510,$97.63,Rating: ⭐ 3.4 / 5,3 Colors,Size: XXL,Gender: Unisex,2025-04-07 07:14:17
510,Unknown Product,$100.00,Rating: ⭐ Invalid Rating / 5,5 Colors,Size: M,Gender: Men,2025-04-07 07:14:17
511,T-shirt 512,$269.98,Rating: ⭐ 3.7 / 5,3 Colors,Size: M,Gender: Women,2025-04-07 07:14:17
512,Hoodie 513,$105.86,Rating: ⭐ 4.4 / 5,3 Colors,Size: L,Gender: Unisex,2025-04-07 07:14:17
513,Pants 514,$430.56,Rating: ⭐ 3.9 / 5,3 Colors,Size: XL,Gender: Men,2025-04-07 07:14:17
514,Outerwear 515,$453.91,Rating: ⭐ 3.1 / 5,3 Colors,Size: XXL,Gender: Women,2025-04-07 07:14:17
515,Jacket 516,$445.67,Rating: ⭐ 3.4 / 5,3 Colors,Size: S,Gender: Unisex,2025-04-07 07:14:17
516,Crewneck 517,$66.83,Rating: ⭐ 3.5 / 5,3 Colors,Size: M,Gender: Men,2025-04-07 07:14:17
517,T-shirt 518,$160.98,Rating: ⭐ 4.1 / 5,3 Colors,Size: L,Gender: Women,2025-04-07 07:14:17
518,Hoodie 519,$139.76,Rating: ⭐ 4.5 / 5,3 Colors,Size: XL,Gender: Unisex,2025-04-07 07:14:17
519,Pants 520,$144.27,Rating: ⭐ 3.8 / 5,3 Colors,Size: XXL,Gender: Men,2025-04-07 07:14:17
520,Unknown Product,$100.00,Rating: ⭐ Invalid Rating / 5,5 Colors,Size: M,Gender: Men,2025-04-07 07:14:18
521,Jacket 522,$393.31,Rating: ⭐ 4.0 / 5,3 Colors,Size: M,Gender: Unisex,2025-04-07 07:14:18
522,Crewneck 523,$226.67,Rating: ⭐ 4.6 / 5,3 Colors,Size: L,Gender: Men,2025-04-07 07:14:18
523,T-shirt 524,$58.50,Rating: ⭐ 3.8 / 5,3 Colors,Size: XL,Gender: Women,2025-04-07 07:14:18
524,Hoodie 525,$494.94,Rating: ⭐ 3.6 / 5,3 Colors,Size: XXL,Gender: Unisex,2025-04-07 07:14:18
525,Pants 526,,Rating: Not Rated,8 Colors,Size: S,Gender: Men,2025-04-07 07:14:18
526,Outerwear 527,$291.83,Rating: ⭐ 3.6 / 5,3 Colors,Size: M,Gender: Women,2025-04-07 07:14:18
527,Jacket 528,$349.74,Rating: ⭐ 4.0 / 5,3 Colors,Size: L,Gender: Unisex,2025-04-07 07:14:18
528,Crewneck 529,$88.76,Rating: ⭐ 3.2 / 5,3 Colors,Size: XL,Gender: Men,2025-04-07 07:14:18
529,T-shirt 530,$385.86,Rating: ⭐ 3.3 / 5,3 Colors,Size: XXL,Gender: Women,2025-04-07 07:14:18
530,Unknown Product,$100.00,Rating: ⭐ Invalid Rating / 5,5 Colors,Size: M,Gender: Men,2025-04-07 07:14:18
531,Pants 532,$524.45,Rating: ⭐ 4.1 / 5,3 Colors,Size: M,Gender: Men,2025-04-07 07:14:18
532,Outerwear 533,$210.64,Rating: ⭐ 4.2 / 5,3 Colors,Size: L,Gender: Women,2025-04-07 07:14:18
533,Jacket 534,$217.45,Rating: ⭐ 3.7 / 5,3 Colors,Size: XL,Gender: Unisex,2025-04-07 07:14:18
534,Crewneck 535,$243.83,Rating: ⭐ 3.7 / 5,3 Colors,Size: XXL,Gender: Men,2025-04-07 07:14:18
535,T-shirt 536,$318.28,Rating: ⭐ 3.0 / 5,3 Colors,Size: S,Gender: Women,2025-04-07 07:14:18
536,Hoodie 537,$541.99,Rating: ⭐ 3.1 / 5,3 Colors,Size: M,Gender: Unisex,2025-04-07 07:14:18
537,Pants 538,$383.39,Rating: ⭐ 3.4 / 5,3 Colors,Size: L,Gender: Men,2025-04-07 07:14:18
538,Outerwear 539,$293.29,Rating: ⭐ 4.7 / 5,3 Colors,Size: XL,Gender: Women,2025-04-07 07:14:18
539,Jacket 540,$440.74,Rating: ⭐ 4.4 / 5,3 Colors,Size: XXL,Gender: Unisex,2025-04-07 07:14:18
540,Unknown Product,$100.00,Rating: ⭐ Invalid Rating / 5,5 Colors,Size: M,Gender: Men,2025-04-07 07:14:19
541,T-shirt 542,$297.59,Rating: ⭐ 3.5 / 5,3 Colors,Size: M,Gender: Women,2025-04-07 07:14:19
542,Hoodie 543,$544.73,Rating: ⭐ 4.7 / 5,3 Colors,Size: L,Gender: Unisex,2025-04-07 07:14:19
543,Pants 544,$372.36,Rating: ⭐ 3.1 / 5,3 Colors,Size: XL,Gender: Men,2025-04-07 07:14:19
544,Outerwear 545,$223.71,Rating: ⭐ 4.0 / 5,3 Colors,Size: XXL,Gender: Women,2025-04-07 07:14:19
545,Jacket 546,$391.97,Rating: ⭐ 3.3 / 5,3 Colors,Size: S,Gender: Unisex,2025-04-07 07:14:19
546,Crewneck 547,$335.07,Rating: ⭐ 3.9 / 5,3 Colors,Size: M,Gender: Men,2025-04-07 07:14:19
547,T-shirt 548,$167.89,Rating: ⭐ 4.6 / 5,3 Colors,Size: L,Gender: Women,2025-04-07 07:14:19
548,Hoodie 549,$167.95,Rating: ⭐ 3.7 / 5,3 Colors,Size: XL,Gender: Unisex,2025-04-07 07:14:19
549,Pants 550,$278.13,Rating: ⭐ 4.9 / 5,3 Colors,Size: XXL,Gender: Men,2025-04-07 07:14:19
550,Unknown Product,$100.00,Rating: ⭐ Invalid Rating / 5,5 Colors,Size: M,Gender: Men,2025-04-07 07:14:19
551,Jacket 552,$336.27,Rating: ⭐ 4.1 / 5,3 Colors,Size: M,Gender: Unisex,2025-04-07 07:14:19
552,Crewneck 553,$485.05,Rating: ⭐ 3.8 / 5,3 Colors,Size: L,Gender: Men,2025-04-07 07:14:19
553,T-shirt 554,$250.07,Rating: ⭐ 4.5 / 5,3 Colors,Size: XL,Gender: Women,2025-04-07 07:14:19
554,Hoodie 555,$113.10,Rating: ⭐ 3.0 / 5,3 Colors,Size: XXL,Gender: Unisex,2025-04-07 07:14:19
555,Pants 556,,Rating: Not Rated,8 Colors,Size: S,Gender: Men,2025-04-07 07:14:19
556,Outerwear 557,$341.28,Rating: ⭐ 3.4 / 5,3 Colors,Size: M,Gender: Women,2025-04-07 07:14:19
557,Jacket 558,$312.94,Rating: ⭐ 4.0 / 5,3 Colors,Size: L,Gender: Unisex,2025-04-07 07:14:19
558,Crewneck 559,$99.43,Rating: ⭐ 3.5 / 5,3 Colors,Size: XL,Gender: Men,2025-04-07 07:14:19
559,T-shirt 560,$430.33,Rating: ⭐ 4.2 / 5,3 Colors,Size: XXL,Gender: Women,2025-04-07 07:14:19
560,Unknown Product,$100.00,Rating: ⭐ Invalid Rating / 5,5 Colors,Size: M,Gender: Men,2025-04-07 07:14:19
561,Pants 562,$232.76,Rating: ⭐ 4.5 / 5,3 Colors,Size: M,Gender: Men,2025-04-07 07:14:19
562,Outerwear 563,$512.34,Rating: ⭐ 4.7 / 5,3 Colors,Size: L,Gender: Women,2025-04-07 07:14:19
563,Jacket 564,$519.95,Rating: ⭐ 4.3 / 5,3 Colors,Size: XL,Gender: Unisex,2025-04-07 07:14:19
564,Crewneck 565,$477.20,Rating: ⭐ 3.5 / 5,3 Colors,Size: XXL,Gender: Men,2025-04-07 07:14:19
565,T-shirt 566,$163.21,Rating: ⭐ 4.6 / 5,3 Colors,Size: S,Gender: Women,2025-04-07 07:14:19
566,Hoodie 567,$286.01,Rating: ⭐ 3.2 / 5,3 Colors,Size: M,Gender: Unisex,2025-04-07 07:14:19
567,Pants 568,$186.51,Rating: ⭐ 3.3 / 5,3 Colors,Size: L,Gender: Men,2025-04-07 07:14:19
568,Outerwear 569,$310.43,Rating: ⭐ 4.7 / 5,3 Colors,Size: XL,Gender: Women,2025-04-07 07:14:19
569,Jacket 570,$250.06,Rating: ⭐ 3.9 / 5,3 Colors,Size: XXL,Gender: Unisex,2025-04-07 07:14:19
570,Unknown Product,$100.00,Rating: ⭐ Invalid Rating / 5,5 Colors,Size: M,Gender: Men,2025-04-07 07:14:19
571,T-shirt 572,$297.27,Rating: ⭐ 3.2 / 5,3 Colors,Size: M,Gender: Women,2025-04-07 07:14:19
572,Hoodie 573,$434.63,Rating: ⭐ 4.5 / 5,3 Colors,Size: L,Gender: Unisex,2025-04-07 07:14:19
573,Pants 574,$151.50,Rating: ⭐ 3.8 / 5,3 Colors,Size: XL,Gender: Men,2025-04-07 07:14:19
574,Outerwear 575,$219.86,Rating: ⭐ 3.4 / 5,3 Colors,Size: XXL,Gender: Women,2025-04-07 07:14:19
575,Jacket 576,$50.35,Rating: ⭐ 3.5 / 5,3 Colors,Size: S,Gender: Unisex,2025-04-07 07:14:19
576,Crewneck 577,$492.12,Rating: ⭐ 3.3 / 5,3 Colors,Size: M,Gender: Men,2025-04-07 07:14:19
577,T-shirt 578,$497.43,Rating: ⭐ 4.1 / 5,3 Colors,Size: L,Gender: Women,2025-04-07 07:14:19
578,Hoodie 579,$276.79,Rating: ⭐ 4.4 / 5,3 Colors,Size: XL,Gender: Unisex,2025-04-07 07:14:19
579,Pants 580,$164.09,Rating: ⭐ 3.3 / 5,3 Colors,Size: XXL,Gender: Men,2025-04-07 07:14:19
580,Unknown Product,$100.00,Rating: ⭐ Invalid Rating / 5,5 Colors,Size: M,Gender: Men,2025-04-07 07:14:20
581,Jacket 582,$257.01,Rating: ⭐ 4.1 / 5,3 Colors,Size: M,Gender: Unisex,2025-04-07 07:14:20
582,Crewneck 583,$358.61,Rating: ⭐ 4.5 / 5,3 Colors,Size: L,Gender: Men,2025-04-07 07:14:20
583,T-shirt 584,$435.31,Rating: ⭐ 4.8 / 5,3 Colors,Size: XL,Gender: Women,2025-04-07 07:14:20
584,Hoodie 585,$386.68,Rating: ⭐ 4.9 / 5,3 Colors,Size: XXL,Gender: Unisex,2025-04-07 07:14:20
585,Pants 586,,Rating: Not Rated,8 Colors,Size: S,Gender: Men,2025-04-07 07:14:20
586,Outerwear 587,$276.56,Rating: ⭐ 4.4 / 5,3 Colors,Size: M,Gender: Women,2025-04-07 07:14:20
587,Jacket 588,$310.19,Rating: ⭐ 4.7 / 5,3 Colors,Size: L,Gender: Unisex,2025-04-07 07:14:20
588,Crewneck 589,$58.24,Rating: ⭐ 4.7 / 5,3 Colors,Size: XL,Gender: Men,2025-04-07 07:14:20
589,T-shirt 590,$403.57,Rating: ⭐ 3.9 / 5,3 Colors,Size: XXL,Gender: Women,2025-04-07 07:14:20
590,Unknown Product,$100.00,Rating: ⭐ Invalid Rating / 5,5 Colors,Size: M,Gender: Men,2025-04-07 07:14:20
591,Pants 592,$425.34,Rating: ⭐ 4.3 / 5,3 Colors,Size: M,Gender: Men,2025-04-07 07:14:20
592,Outerwear 593,$447.74,Rating: ⭐ 3.9 / 5,3 Colors,Size: L,Gender: Women,2025-04-07 07:14:20
593,Jacket 594,$544.23,Rating: ⭐ 4.2 / 5,3 Colors,Size: XL,Gender: Unisex,2025-04-07 07:14:20
594,Crewneck 595,$232.74,Rating: ⭐ 3.5 / 5,3 Colors,Size: XXL,Gender: Men,2025-04-07 07:14:20
595,T-shirt 596,$518.15,Rating: ⭐ 4.4 / 5,3 Colors,Size: S,Gender: Women,2025-04-07 07:14:20
596,Hoodie 597,$498.09,Rating: ⭐ 3.3 / 5,3 Colors,Size: M,Gender: Unisex,2025-04-07 07:14:20
597,Pants 598,$294.63,Rating: ⭐ 4.1 / 5,3 Colors,Size: L,Gender: Men,2025-04-07 07:14:20
598,Outerwear 599,$73.69,Rating: ⭐ 3.3 / 5,3 Colors,Size: XL,Gender: Women,2025-04-07 07:14:20
599,Jacket 600,$400.88,Rating: ⭐ 3.0 / 5,3 Colors,Size: XXL,Gender: Unisex,2025-04-07 07:14:20
600,Unknown Product,$100.00,Rating: ⭐ Invalid Rating / 5,5 Colors,Size: M,Gender: Men,2025-04-07 07:14:21
601,T-shirt 602,$141.31,Rating: ⭐ 4.4 / 5,3 Colors,Size: M,Gender: Women,2025-04-07 07:14:21
602,Hoodie 603,$469.47,Rating: ⭐ 3.1 / 5,3 Colors,Size: L,Gender: Unisex,2025-04-07 07:14:21
603,Pants 604,$478.89,Rating: ⭐ 4.3 / 5,3 Colors,Size: XL,Gender: Men,2025-04-07 07:14:21
604,Outerwear 605,$106.92,Rating: ⭐ 3.7 / 5,3 Colors,Size: XXL,Gender: Women,2025-04-07 07:14:21
605,Jacket 606,$360.67,Rating: ⭐ 4.6 / 5,3 Colors,Size: S,Gender: Unisex,2025-04-07 07:14:21
606,Crewneck 607,$241.10,Rating: ⭐ 3.1 / 5,3 Colors,Size: M,Gender: Men,2025-04-07 07:14:21
607,T-shirt 608,$440.49,Rating: ⭐ 4.6 / 5,3 Colors,Size: L,Gender: Women,2025-04-07 07:14:21
608,Hoodie 609,$184.77,Rating: ⭐ 4.1 / 5,3 Colors,Size: XL,Gender: Unisex,2025-04-07 07:14:21
609,Pants 610,$282.21,Rating: ⭐ 3.3 / 5,3 Colors,Size: XXL,Gender: Men,2025-04-07 07:14:21
610,Unknown Product,$100.00,Rating: ⭐ Invalid Rating / 5,5 Colors,Size: M,Gender: Men,2025-04-07 07:14:21
611,Jacket 612,$200.17,Rating: ⭐ 3.1 / 5,3 Colors,Size: M,Gender: Unisex,2025-04-07 07:14:21
612,Crewneck 613,$63.37,Rating: ⭐ 3.6 / 5,3 Colors,Size: L,Gender: Men,2025-04-07 07:14:21
613,T-shirt 614,$151.76,Rating: ⭐ 3.1 / 5,3 Colors,Size: XL,Gender: Women,2025-04-07 07:14:21
614,Hoodie 615,$299.92,Rating: ⭐ 4.8 / 5,3 Colors,Size: XXL,Gender: Unisex,2025-04-07 07:14:21
615,Pants 616,,Rating: Not Rated,8 Colors,Size: S,Gender: Men,2025-04-07 07:14:21
616,Outerwear 617,$110.37,Rating: ⭐ 4.3 / 5,3 Colors,Size: M,Gender: Women,2025-04-07 07:14:21
617,Jacket 618,$404.63,Rating: ⭐ 3.3 / 5,3 Colors,Size: L,Gender: Unisex,2025-04-07 07:14:21
618,Crewneck 619,$521.29,Rating: ⭐ 4.4 / 5,3 Colors,Size: XL,Gender: Men,2025-04-07 07:14:21
619,T-shirt 620,$141.89,Rating: ⭐ 3.3 / 5,3 Colors,Size: XXL,Gender: Women,2025-04-07 07:14:21
620,Unknown Product,$100.00,Rating: ⭐ Invalid Rating / 5,5 Colors,Size: M,Gender: Men,2025-04-07 07:14:22
621,Pants 622,$303.10,Rating: ⭐ 3.5 / 5,3 Colors,Size: M,Gender: Men,2025-04-07 07:14:22
622,Outerwear 623,$456.22,Rating: ⭐ 4.6 / 5,3 Colors,Size: L,Gender: Women,2025-04-07 07:14:22
623,Jacket 624,$433.95,Rating: ⭐ 3.9 / 5,3 Colors,Size: XL,Gender: Unisex,2025-04-07 07:14:22
624,Crewneck 625,$489.15,Rating: ⭐ 4.1 / 5,3 Colors,Size: XXL,Gender: Men,2025-04-07 07:14:22
625,T-shirt 626,$486.09,Rating: ⭐ 4.5 / 5,3 Colors,Size: S,Gender: Women,2025-04-07 07:14:22
626,Hoodie 627,$77.02,Rating: ⭐ 3.2 / 5,3 Colors,Size: M,Gender: Unisex,2025-04-07 07:14:22
627,Pants 628,$507.07,Rating: ⭐ 4.3 / 5,3 Colors,Size: L,Gender: Men,2025-04-07 07:14:22
628,Outerwear 629,$249.87,Rating: ⭐ 4.4 / 5,3 Colors,Size: XL,Gender: Women,2025-04-07 07:14:22
629,Jacket 630,$62.73,Rating: ⭐ 3.8 / 5,3 Colors,Size: XXL,Gender: Unisex,2025-04-07 07:14:22
630,Unknown Product,$100.00,Rating: ⭐ Invalid Rating / 5,5 Colors,Size: M,Gender: Men,2025-04-07 07:14:22
631,T-shirt 632,$269.64,Rating: ⭐ 3.6 / 5,3 Colors,Size: M,Gender: Women,2025-04-07 07:14:22
632,Hoodie 633,$195.50,Rating: ⭐ 3.1 / 5,3 Colors,Size: L,Gender: Unisex,2025-04-07 07:14:22
633,Pants 634,$533.48,Rating: ⭐ 3.9 / 5,3 Colors,Size: XL,Gender: Men,2025-04-07 07:14:22
634,Outerwear 635,$431.07,Rating: ⭐ 4.1 / 5,3 Colors,Size: XXL,Gender: Women,2025-04-07 07:14:22
635,Jacket 636,$217.27,Rating: ⭐ 4.5 / 5,3 Colors,Size: S,Gender: Unisex,2025-04-07 07:14:22
636,Crewneck 637,$376.89,Rating: ⭐ 4.0 / 5,3 Colors,Size: M,Gender: Men,2025-04-07 07:14:22
637,T-shirt 638,$326.31,Rating: ⭐ 4.6 / 5,3 Colors,Size: L,Gender: Women,2025-04-07 07:14:22
638,Hoodie 639,$423.92,Rating: ⭐ 4.7 / 5,3 Colors,Size: XL,Gender: Unisex,2025-04-07 07:14:22
639,Pants 640,$189.91,Rating: ⭐ 3.8 / 5,3 Colors,Size: XXL,Gender: Men,2025-04-07 07:14:22
640,Unknown Product,$100.00,Rating: ⭐ Invalid Rating / 5,5 Colors,Size: M,Gender: Men,2025-04-07 07:14:23
641,Jacket 642,$484.21,Rating: ⭐ 4.7 / 5,3 Colors,Size: M,Gender: Unisex,2025-04-07 07:14:23
642,Crewneck 643,$382.25,Rating: ⭐ 3.2 / 5,3 Colors,Size: L,Gender: Men,2025-04-07 07:14:23
643,T-shirt 644,$467.46,Rating: ⭐ 4.2 / 5,3 Colors,Size: XL,Gender: Women,2025-04-07 07:14:23
644,Hoodie 645,$205.34,Rating: ⭐ 3.3 / 5,3 Colors,Size: XXL,Gender: Unisex,2025-04-07 07:14:23
645,Pants 646,,Rating: Not Rated,8 Colors,Size: S,Gender: Men,2025-04-07 07:14:23
646,Outerwear 647,$269.06,Rating: ⭐ 3.8 / 5,3 Colors,Size: M,Gender: Women,2025-04-07 07:14:23
647,Jacket 648,$543.72,Rating: ⭐ 4.5 / 5,3 Colors,Size: L,Gender: Unisex,2025-04-07 07:14:23
648,Crewneck 649,$536.76,Rating: ⭐ 3.2 / 5,3 Colors,Size: XL,Gender: Men,2025-04-07 07:14:23
649,T-shirt 650,$500.80,Rating: ⭐ 3.4 / 5,3 Colors,Size: XXL,Gender: Women,2025-04-07 07:14:23
650,Unknown Product,$100.00,Rating: ⭐ Invalid Rating / 5,5 Colors,Size: M,Gender: Men,2025-04-07 07:14:23
651,Pants 652,$380.31,Rating: ⭐ 3.3 / 5,3 Colors,Size: M,Gender: Men,2025-04-07 07:14:23
652,Outerwear 653,$163.88,Rating: ⭐ 4.0 / 5,3 Colors,Size: L,Gender: Women,2025-04-07 07:14:23
653,Jacket 654,$255.59,Rating: ⭐ 4.7 / 5,3 Colors,Size: XL,Gender: Unisex,2025-04-07 07:14:23
654,Crewneck 655,$114.64,Rating: ⭐ 4.1 / 5,3 Colors,Size: XXL,Gender: Men,2025-04-07 07:14:23
655,T-shirt 656,$158.67,Rating: ⭐ 4.2 / 5,3 Colors,Size: S,Gender: Women,2025-04-07 07:14:23
656,Hoodie 657,$528.69,Rating: ⭐ 4.8 / 5,3 Colors,Size: M,Gender: Unisex,2025-04-07 07:14:23
657,Pants 658,$391.77,Rating: ⭐ 3.8 / 5,3 Colors,Size: L,Gender: Men,2025-04-07 07:14:23
658,Outerwear 659,$113.62,Rating: ⭐ 3.3 / 5,3 Colors,Size: XL,Gender: Women,2025-04-07 07:14:23
659,Jacket 660,$544.70,Rating: ⭐ 3.5 / 5,3 Colors,Size: XXL,Gender: Unisex,2025-04-07 07:14:23
660,Unknown Product,$100.00,Rating: ⭐ Invalid Rating / 5,5 Colors,Size: M,Gender: Men,2025-04-07 07:14:23
661,T-shirt 662,$88.92,Rating: ⭐ 4.5 / 5,3 Colors,Size: M,Gender: Women,2025-04-07 07:14:23
662,Hoodie 663,$442.95,Rating: ⭐ 4.0 / 5,3 Colors,Size: L,Gender: Unisex,2025-04-07 07:14:23
663,Pants 664,$515.54,Rating: ⭐ 3.5 / 5,3 Colors,Size: XL,Gender: Men,2025-04-07 07:14:23
664,Outerwear 665,$252.10,Rating: ⭐ 3.2 / 5,3 Colors,Size: XXL,Gender: Women,2025-04-07 07:14:23
665,Jacket 666,$302.75,Rating: ⭐ 3.9 / 5,3 Colors,Size: S,Gender: Unisex,2025-04-07 07:14:23
666,Crewneck 667,$109.79,Rating: ⭐ 3.7 / 5,3 Colors,Size: M,Gender: Men,2025-04-07 07:14:23
667,T-shirt 668,$315.29,Rating: ⭐ 3.7 / 5,3 Colors,Size: L,Gender: Women,2025-04-07 07:14:23
668,Hoodie 669,$146.63,Rating: ⭐ 3.3 / 5,3 Colors,Size: XL,Gender: Unisex,2025-04-07 07:14:23
669,Pants 670,$525.42,Rating: ⭐ 4.8 / 5,3 Colors,Size: XXL,Gender: Men,2025-04-07 07:14:23
670,Unknown Product,$100.00,Rating: ⭐ Invalid Rating / 5,5 Colors,Size: M,Gender: Men,2025-04-07 07:14:23
671,Jacket 672,$298.51,Rating: ⭐ 4.5 / 5,3 Colors,Size: M,Gender: Unisex,2025-04-07 07:14:23
672,Crewneck 673,$175.21,Rating: ⭐ 4.7 / 5,3 Colors,Size: L,Gender: Men,2025-04-07 07:14:23
673,T-shirt 674,$197.29,Rating: ⭐ 3.1 / 5,3 Colors,Size: XL,Gender: Women,2025-04-07 07:14:23
674,Hoodie 675,$269.68,Rating: ⭐ 3.2 / 5,3 Colors,Size: XXL,Gender: Unisex,2025-04-07 07:14:23
675,Pants 676,,Rating: Not Rated,8 Colors,Size: S,Gender: Men,2025-04-07 07:14:23
676,Outerwear 677,$291.09,Rating: ⭐ 3.3 / 5,3 Colors,Size: M,Gender: Women,2025-04-07 07:14:23
677,Jacket 678,$173.57,Rating: ⭐ 4.3 / 5,3 Colors,Size: L,Gender: Unisex,2025-04-07 07:14:23
678,Crewneck 679,$398.32,Rating: ⭐ 3.2 / 5,3 Colors,Size: XL,Gender: Men,2025-04-07 07:14:23
679,T-shirt 680,$510.30,Rating: ⭐ 3.2 / 5,3 Colors,Size: XXL,Gender: Women,2025-04-07 07:14:23
680,Unknown Product,$100.00,Rating: ⭐ Invalid Rating / 5,5 Colors,Size: M,Gender: Men,2025-04-07 07:14:24
681,Pants 682,$476.03,Rating: ⭐ 3.9 / 5,3 Colors,Size: M,Gender: Men,2025-04-07 07:14:24
682,Outerwear 683,$244.21,Rating: ⭐ 3.6 / 5,3 Colors,Size: L,Gender: Women,2025-04-07 07:14:24
683,Jacket 684,$443.91,Rating: ⭐ 3.5 / 5,3 Colors,Size: XL,Gender: Unisex,2025-04-07 07:14:24
684,Crewneck 685,$93.49,Rating: ⭐ 4.6 / 5,3 Colors,Size: XXL,Gender: Men,2025-04-07 07:14:24
685,T-shirt 686,$336.36,Rating: ⭐ 3.8 / 5,3 Colors,Size: S,Gender: Women,2025-04-07 07:14:24
686,Hoodie 687,$263.80,Rating: ⭐ 4.7 / 5,3 Colors,Size: M,Gender: Unisex,2025-04-07 07:14:24
687,Pants 688,$92.97,Rating: ⭐ 4.4 / 5,3 Colors,Size: L,Gender: Men,2025-04-07 07:14:24
688,Outerwear 689,$121.19,Rating: ⭐ 4.6 / 5,3 Colors,Size: XL,Gender: Women,2025-04-07 07:14:24
689,Jacket 690,$548.91,Rating: ⭐ 4.7 / 5,3 Colors,Size: XXL,Gender: Unisex,2025-04-07 07:14:24
690,Unknown Product,$100.00,Rating: ⭐ Invalid Rating / 5,5 Colors,Size: M,Gender: Men,2025-04-07 07:14:24
691,T-shirt 692,$88.53,Rating: ⭐ 4.1 / 5,3 Colors,Size: M,Gender: Women,2025-04-07 07:14:24
692,Hoodie 693,$189.48,Rating: ⭐ 4.1 / 5,3 Colors,Size: L,Gender: Unisex,2025-04-07 07:14:24
693,Pants 694,$154.17,Rating: ⭐ 3.4 / 5,3 Colors,Size: XL,Gender: Men,2025-04-07 07:14:24
694,Outerwear 695,$59.96,Rating: ⭐ 3.3 / 5,3 Colors,Size: XXL,Gender: Women,2025-04-07 07:14:24
695,Jacket 696,$321.64,Rating: ⭐ 4.2 / 5,3 Colors,Size: S,Gender: Unisex,2025-04-07 07:14:24
696,Crewneck 697,$409.07,Rating: ⭐ 5.0 / 5,3 Colors,Size: M,Gender: Men,2025-04-07 07:14:24
697,T-shirt 698,$152.81,Rating: ⭐ 4.1 / 5,3 Colors,Size: L,Gender: Women,2025-04-07 07:14:24
698,Hoodie 699,$328.14,Rating: ⭐ 4.5 / 5,3 Colors,Size: XL,Gender: Unisex,2025-04-07 07:14:24
699,Pants 700,$220.41,Rating: ⭐ 4.3 / 5,3 Colors,Size: XXL,Gender: Men,2025-04-07 07:14:24
700,Unknown Product,$100.00,Rating: ⭐ Invalid Rating / 5,5 Colors,Size: M,Gender: Men,2025-04-07 07:14:25
701,Jacket 702,$307.98,Rating: ⭐ 4.3 / 5,3 Colors,Size: M,Gender: Unisex,2025-04-07 07:14:25
702,Crewneck 703,$184.32,Rating: ⭐ 4.2 / 5,3 Colors,Size: L,Gender: Men,2025-04-07 07:14:25
703,T-shirt 704,$388.39,Rating: ⭐ 4.1 / 5,3 Colors,Size: XL,Gender: Women,2025-04-07 07:14:25
704,Hoodie 705,$190.18,Rating: ⭐ 3.1 / 5,3 Colors,Size: XXL,Gender: Unisex,2025-04-07 07:14:25
705,Pants 706,,Rating: Not Rated,8 Colors,Size: S,Gender: Men,2025-04-07 07:14:25
706,Outerwear 707,$484.14,Rating: ⭐ 4.4 / 5,3 Colors,Size: M,Gender: Women,2025-04-07 07:14:25
707,Jacket 708,$533.83,Rating: ⭐ 4.3 / 5,3 Colors,Size: L,Gender: Unisex,2025-04-07 07:14:25
708,Crewneck 709,$438.90,Rating: ⭐ 3.9 / 5,3 Colors,Size: XL,Gender: Men,2025-04-07 07:14:25
709,T-shirt 710,$234.47,Rating: ⭐ 3.2 / 5,3 Colors,Size: XXL,Gender: Women,2025-04-07 07:14:25
710,Unknown Product,$100.00,Rating: ⭐ Invalid Rating / 5,5 Colors,Size: M,Gender: Men,2025-04-07 07:14:25
711,Pants 712,$94.40,Rating: ⭐ 4.1 / 5,3 Colors,Size: M,Gender: Men,2025-04-07 07:14:25
712,Outerwear 713,$196.43,Rating: ⭐ 4.4 / 5,3 Colors,Size: L,Gender: Women,2025-04-07 07:14:25
713,Jacket 714,$55.77,Rating: ⭐ 3.1 / 5,3 Colors,Size: XL,Gender: Unisex,2025-04-07 07:14:25
714,Crewneck 715,$438.86,Rating: ⭐ 3.9 / 5,3 Colors,Size: XXL,Gender: Men,2025-04-07 07:14:25
715,T-shirt 716,$225.16,Rating: ⭐ 4.9 / 5,3 Colors,Size: S,Gender: Women,2025-04-07 07:14:25
716,Hoodie 717,$95.80,Rating: ⭐ 3.6 / 5,3 Colors,Size: M,Gender: Unisex,2025-04-07 07:14:25
717,Pants 718,$253.57,Rating: ⭐ 3.2 / 5,3 Colors,Size: L,Gender: Men,2025-04-07 07:14:25
718,Outerwear 719,$198.31,Rating: ⭐ 4.7 / 5,3 Colors,Size: XL,Gender: Women,2025-04-07 07:14:25
719,Jacket 720,$126.77,Rating: ⭐ 3.8 / 5,3 Colors,Size: XXL,Gender: Unisex,2025-04-07 07:14:25
720,Unknown Product,$100.00,Rating: ⭐ Invalid Rating / 5,5 Colors,Size: M,Gender: Men,2025-04-07 07:14:25
721,T-shirt 722,$545.27,Rating: ⭐ 3.2 / 5,3 Colors,Size: M,Gender: Women,2025-04-07 07:14:25
722,Hoodie 723,$354.05,Rating: ⭐ 3.4 / 5,3 Colors,Size: L,Gender: Unisex,2025-04-07 07:14:25
723,Pants 724,$301.55,Rating: ⭐ 4.7 / 5,3 Colors,Size: XL,Gender: Men,2025-04-07 07:14:25
724,Outerwear 725,$311.20,Rating: ⭐ 3.0 / 5,3 Colors,Size: XXL,Gender: Women,2025-04-07 07:14:25
725,Jacket 726,$396.62,Rating: ⭐ 3.5 / 5,3 Colors,Size: S,Gender: Unisex,2025-04-07 07:14:25
726,Crewneck 727,$251.50,Rating: ⭐ 4.8 / 5,3 Colors,Size: M,Gender: Men,2025-04-07 07:14:25
727,T-shirt 728,$510.84,Rating: ⭐ 3.0 / 5,3 Colors,Size: L,Gender: Women,2025-04-07 07:14:25
728,Hoodie 729,$401.96,Rating: ⭐ 3.6 / 5,3 Colors,Size: XL,Gender: Unisex,2025-04-07 07:14:25
729,Pants 730,$451.80,Rating: ⭐ 4.5 / 5,3 Colors,Size: XXL,Gender: Men,2025-04-07 07:14:25
730,Unknown Product,$100.00,Rating: ⭐ Invalid Rating / 5,5 Colors,Size: M,Gender: Men,2025-04-07 07:14:25
731,Jacket 732,$412.35,Rating: ⭐ 3.9 / 5,3 Colors,Size: M,Gender: Unisex,2025-04-07 07:14:25
732,Crewneck 733,$72.68,Rating: ⭐ 4.7 / 5,3 Colors,Size: L,Gender: Men,2025-04-07 07:14:25
733,T-shirt 734,$428.66,Rating: ⭐ 4.2 / 5,3 Colors,Size: XL,Gender: Women,2025-04-07 07:14:25
734,Hoodie 735,$291.52,Rating: ⭐ 4.0 / 5,3 Colors,Size: XXL,Gender: Unisex,2025-04-07 07:14:25
735,Pants 736,,Rating: Not Rated,8 Colors,Size: S,Gender: Men,2025-04-07 07:14:25
736,Outerwear 737,$63.48,Rating: ⭐ 4.7 / 5,3 Colors,Size: M,Gender: Women,2025-04-07 07:14:25
737,Jacket 738,$118.37,Rating: ⭐ 3.7 / 5,3 Colors,Size: L,Gender: Unisex,2025-04-07 07:14:25
738,Crewneck 739,$504.56,Rating: ⭐ 3.3 / 5,3 Colors,Size: XL,Gender: Men,2025-04-07 07:14:25
739,T-shirt 740,$438.54,Rating: ⭐ 3.4 / 5,3 Colors,Size: XXL,Gender: Women,2025-04-07 07:14:25
740,Unknown Product,$100.00,Rating: ⭐ Invalid Rating / 5,5 Colors,Size: M,Gender: Men,2025-04-07 07:14:26
741,Pants 742,$351.63,Rating: ⭐ 3.6 / 5,3 Colors,Size: M,Gender: Men,2025-04-07 07:14:26
742,Outerwear 743,$354.88,Rating: ⭐ 3.0 / 5,3 Colors,Size: L,Gender: Women,2025-04-07 07:14:26
743,Jacket 744,$323.48,Rating: ⭐ 4.1 / 5,3 Colors,Size: XL,Gender: Unisex,2025-04-07 07:14:26
744,Crewneck 745,$180.16,Rating: ⭐ 3.8 / 5,3 Colors,Size: XXL,Gender: Men,2025-04-07 07:14:26
745,T-shirt 746,$94.84,Rating: ⭐ 5.0 / 5,3 Colors,Size: S,Gender: Women,2025-04-07 07:14:26
746,Hoodie 747,$395.43,Rating: ⭐ 4.7 / 5,3 Colors,Size: M,Gender: Unisex,2025-04-07 07:14:26
747,Pants 748,$195.88,Rating: ⭐ 3.7 / 5,3 Colors,Size: L,Gender: Men,2025-04-07 07:14:26
748,Outerwear 749,$164.21,Rating: ⭐ 3.2 / 5,3 Colors,Size: XL,Gender: Women,2025-04-07 07:14:26
749,Jacket 750,$64.40,Rating: ⭐ 3.7 / 5,3 Colors,Size: XXL,Gender: Unisex,2025-04-07 07:14:26
750,Unknown Product,$100.00,Rating: ⭐ Invalid Rating / 5,5 Colors,Size: M,Gender: Men,2025-04-07 07:14:26
751,T-shirt 752,$464.47,Rating: ⭐ 3.8 / 5,3 Colors,Size: M,Gender: Women,2025-04-07 07:14:26
752,Hoodie 753,$508.60,Rating: ⭐ 4.8 / 5,3 Colors,Size: L,Gender: Unisex,2025-04-07 07:14:26
753,Pants 754,$451.86,Rating: ⭐ 3.1 / 5,3 Colors,Size: XL,Gender: Men,2025-04-07 07:14:26
754,Outerwear 755,$431.90,Rating: ⭐ 4.6 / 5,3 Colors,Size: XXL,Gender: Women,2025-04-07 07:14:26
755,Jacket 756,$445.50,Rating: ⭐ 3.1 / 5,3 Colors,Size: S,Gender: Unisex,2025-04-07 07:14:26
756,Crewneck 757,$473.92,Rating: ⭐ 4.4 / 5,3 Colors,Size: M,Gender: Men,2025-04-07 07:14:26
757,T-shirt 758,$376.62,Rating: ⭐ 3.1 / 5,3 Colors,Size: L,Gender: Women,2025-04-07 07:14:26
758,Hoodie 759,$173.74,Rating: ⭐ 4.7 / 5,3 Colors,Size: XL,Gender: Unisex,2025-04-07 07:14:26
759,Pants 760,$136.94,Rating: ⭐ 4.1 / 5,3 Colors,Size: XXL,Gender: Men,2025-04-07 07:14:26
760,Unknown Product,$100.00,Rating: ⭐ Invalid Rating / 5,5 Colors,Size: M,Gender: Men,2025-04-07 07:14:27
761,Jacket 762,$255.74,Rating: ⭐ 4.9 / 5,3 Colors,Size: M,Gender: Unisex,2025-04-07 07:14:27
762,Crewneck 763,$362.04,Rating: ⭐ 3.9 / 5,3 Colors,Size: L,Gender: Men,2025-04-07 07:14:27
763,T-shirt 764,$450.73,Rating: ⭐ 3.4 / 5,3 Colors,Size: XL,Gender: Women,2025-04-07 07:14:27
764,Hoodie 765,$83.96,Rating: ⭐ 4.9 / 5,3 Colors,Size: XXL,Gender: Unisex,2025-04-07 07:14:27
765,Pants 766,,Rating: Not Rated,8 Colors,Size: S,Gender: Men,2025-04-07 07:14:27
766,Outerwear 767,$259.55,Rating: ⭐ 4.5 / 5,3 Colors,Size: M,Gender: Women,2025-04-07 07:14:27
767,Jacket 768,$353.88,Rating: ⭐ 4.9 / 5,3 Colors,Size: L,Gender: Unisex,2025-04-07 07:14:27
768,Crewneck 769,$393.41,Rating: ⭐ 3.3 / 5,3 Colors,Size: XL,Gender: Men,2025-04-07 07:14:27
769,T-shirt 770,$103.44,Rating: ⭐ 3.5 / 5,3 Colors,Size: XXL,Gender: Women,2025-04-07 07:14:27
770,Unknown Product,$100.00,Rating: ⭐ Invalid Rating / 5,5 Colors,Size: M,Gender: Men,2025-04-07 07:14:27
771,Pants 772,$546.76,Rating: ⭐ 3.4 / 5,3 Colors,Size: M,Gender: Men,2025-04-07 07:14:27
772,Outerwear 773,$212.10,Rating: ⭐ 3.2 / 5,3 Colors,Size: L,Gender: Women,2025-04-07 07:14:27
773,Jacket 774,$92.86,Rating: ⭐ 4.1 / 5,3 Colors,Size: XL,Gender: Unisex,2025-04-07 07:14:27
774,Crewneck 775,$511.84,Rating: ⭐ 3.1 / 5,3 Colors,Size: XXL,Gender: Men,2025-04-07 07:14:27
775,T-shirt 776,$333.32,Rating: ⭐ 3.7 / 5,3 Colors,Size: S,Gender: Women,2025-04-07 07:14:27
776,Hoodie 777,$381.55,Rating: ⭐ 3.4 / 5,3 Colors,Size: M,Gender: Unisex,2025-04-07 07:14:27
777,Pants 778,$377.17,Rating: ⭐ 4.2 / 5,3 Colors,Size: L,Gender: Men,2025-04-07 07:14:27
778,Outerwear 779,$363.53,Rating: ⭐ 3.2 / 5,3 Colors,Size: XL,Gender: Women,2025-04-07 07:14:27
779,Jacket 780,$172.97,Rating: ⭐ 3.4 / 5,3 Colors,Size: XXL,Gender: Unisex,2025-04-07 07:14:27
780,Unknown Product,$100.00,Rating: ⭐ Invalid Rating / 5,5 Colors,Size: M,Gender: Men,2025-04-07 07:14:27
781,T-shirt 782,$257.34,Rating: ⭐ 4.5 / 5,3 Colors,Size: M,Gender: Women,2025-04-07 07:14:27
782,Hoodie 783,$156.92,Rating: ⭐ 3.0 / 5,3 Colors,Size: L,Gender: Unisex,2025-04-07 07:14:27
783,Pants 784,$333.83,Rating: ⭐ 3.0 / 5,3 Colors,Size: XL,Gender: Men,2025-04-07 07:14:27
784,Outerwear 785,$402.78,Rating: ⭐ 4.3 / 5,3 Colors,Size: XXL,Gender: Women,2025-04-07 07:14:27
785,Jacket 786,$421.83,Rating: ⭐ 5.0 / 5,3 Colors,Size: S,Gender: Unisex,2025-04-07 07:14:27
786,Crewneck 787,$287.10,Rating: ⭐ 4.7 / 5,3 Colors,Size: M,Gender: Men,2025-04-07 07:14:27
787,T-shirt 788,$190.07,Rating: ⭐ 4.7 / 5,3 Colors,Size: L,Gender: Women,2025-04-07 07:14:27
788,Hoodie 789,$134.58,Rating: ⭐ 4.0 / 5,3 Colors,Size: XL,Gender: Unisex,2025-04-07 07:14:27
789,Pants 790,$106.77,Rating: ⭐ 3.2 / 5,3 Colors,Size: XXL,Gender: Men,2025-04-07 07:14:27
790,Unknown Product,$100.00,Rating: ⭐ Invalid Rating / 5,5 Colors,Size: M,Gender: Men,2025-04-07 07:14:27
791,Jacket 792,$254.31,Rating: ⭐ 3.8 / 5,3 Colors,Size: M,Gender: Unisex,2025-04-07 07:14:27
792,Crewneck 793,$540.63,Rating: ⭐ 4.0 / 5,3 Colors,Size: L,Gender: Men,2025-04-07 07:14:27
793,T-shirt 794,$373.94,Rating: ⭐ 4.0 / 5,3 Colors,Size: XL,Gender: Women,2025-04-07 07:14:27
794,Hoodie 795,$263.10,Rating: ⭐ 3.9 / 5,3 Colors,Size: XXL,Gender: Unisex,2025-04-07 07:14:27
795,Pants 796,,Rating: Not Rated,8 Colors,Size: S,Gender: Men,2025-04-07 07:14:27
796,Outerwear 797,$173.21,Rating: ⭐ 4.9 / 5,3 Colors,Size: M,Gender: Women,2025-04-07 07:14:27
797,Jacket 798,$274.44,Rating: ⭐ 3.4 / 5,3 Colors,Size: L,Gender: Unisex,2025-04-07 07:14:27
798,Crewneck 799,$253.05,Rating: ⭐ 4.2 / 5,3 Colors,Size: XL,Gender: Men,2025-04-07 07:14:27
799,T-shirt 800,$464.58,Rating: ⭐ 4.6 / 5,3 Colors,Size: XXL,Gender: Women,2025-04-07 07:14:27
800,Unknown Product,$100.00,Rating: ⭐ Invalid Rating / 5,5 Colors,Size: M,Gender: Men,2025-04-07 07:14:28
801,Pants 802,$356.89,Rating: ⭐ 4.4 / 5,3 Colors,Size: M,Gender: Men,2025-04-07 07:14:28
802,Outerwear 803,$117.21,Rating: ⭐ 4.3 / 5,3 Colors,Size: L,Gender: Women,2025-04-07 07:14:28
803,Jacket 804,$278.69,Rating: ⭐ 3.9 / 5,3 Colors,Size: XL,Gender: Unisex,2025-04-07 07:14:28
804,Crewneck 805,$204.17,Rating: ⭐ 4.8 / 5,3 Colors,Size: XXL,Gender: Men,2025-04-07 07:14:28
805,T-shirt 806,$456.91,Rating: ⭐ 3.0 / 5,3 Colors,Size: S,Gender: Women,2025-04-07 07:14:28
806,Hoodie 807,$313.50,Rating: ⭐ 4.7 / 5,3 Colors,Size: M,Gender: Unisex,2025-04-07 07:14:28
807,Pants 808,$544.86,Rating: ⭐ 3.2 / 5,3 Colors,Size: L,Gender: Men,2025-04-07 07:14:28
808,Outerwear 809,$447.66,Rating: ⭐ 3.7 / 5,3 Colors,Size: XL,Gender: Women,2025-04-07 07:14:28
809,Jacket 810,$237.29,Rating: ⭐ 4.8 / 5,3 Colors,Size: XXL,Gender: Unisex,2025-04-07 07:14:28
810,Unknown Product,$100.00,Rating: ⭐ Invalid Rating / 5,5 Colors,Size: M,Gender: Men,2025-04-07 07:14:28
811,T-shirt 812,$400.38,Rating: ⭐ 4.2 / 5,3 Colors,Size: M,Gender: Women,2025-04-07 07:14:28
812,Hoodie 813,$304.55,Rating: ⭐ 5.0 / 5,3 Colors,Size: L,Gender: Unisex,2025-04-07 07:14:28
813,Pants 814,$69.38,Rating: ⭐ 4.7 / 5,3 Colors,Size: XL,Gender: Men,2025-04-07 07:14:28
814,Outerwear 815,$374.09,Rating: ⭐ 4.8 / 5,3 Colors,Size: XXL,Gender: Women,2025-04-07 07:14:28
815,Jacket 816,$103.07,Rating: ⭐ 4.5 / 5,3 Colors,Size: S,Gender: Unisex,2025-04-07 07:14:28
816,Crewneck 817,$546.51,Rating: ⭐ 4.4 / 5,3 Colors,Size: M,Gender: Men,2025-04-07 07:14:28
817,T-shirt 818,$322.52,Rating: ⭐ 3.8 / 5,3 Colors,Size: L,Gender: Women,2025-04-07 07:14:28
818,Hoodie 819,$296.40,Rating: ⭐ 4.7 / 5,3 Colors,Size: XL,Gender: Unisex,2025-04-07 07:14:28
819,Pants 820,$376.92,Rating: ⭐ 3.4 / 5,3 Colors,Size: XXL,Gender: Men,2025-04-07 07:14:28
820,Unknown Product,$100.00,Rating: ⭐ Invalid Rating / 5,5 Colors,Size: M,Gender: Men,2025-04-07 07:14:29
821,Jacket 822,$52.39,Rating: ⭐ 4.2 / 5,3 Colors,Size: M,Gender: Unisex,2025-04-07 07:14:29
822,Crewneck 823,$381.47,Rating: ⭐ 4.7 / 5,3 Colors,Size: L,Gender: Men,2025-04-07 07:14:29
823,T-shirt 824,$206.34,Rating: ⭐ 4.1 / 5,3 Colors,Size: XL,Gender: Women,2025-04-07 07:14:29
824,Hoodie 825,$66.15,Rating: ⭐ 3.8 / 5,3 Colors,Size: XXL,Gender: Unisex,2025-04-07 07:14:29
825,Pants 826,,Rating: Not Rated,8 Colors,Size: S,Gender: Men,2025-04-07 07:14:29
826,Outerwear 827,$443.19,Rating: ⭐ 4.8 / 5,3 Colors,Size: M,Gender: Women,2025-04-07 07:14:29
827,Jacket 828,$145.25,Rating: ⭐ 4.6 / 5,3 Colors,Size: L,Gender: Unisex,2025-04-07 07:14:29
828,Crewneck 829,$289.40,Rating: ⭐ 4.4 / 5,3 Colors,Size: XL,Gender: Men,2025-04-07 07:14:29
829,T-shirt 830,$281.03,Rating: ⭐ 3.0 / 5,3 Colors,Size: XXL,Gender: Women,2025-04-07 07:14:29
830,Unknown Product,$100.00,Rating: ⭐ Invalid Rating / 5,5 Colors,Size: M,Gender: Men,2025-04-07 07:14:29
831,Pants 832,$247.21,Rating: ⭐ 4.6 / 5,3 Colors,Size: M,Gender: Men,2025-04-07 07:14:29
832,Outerwear 833,$443.83,Rating: ⭐ 3.0 / 5,3 Colors,Size: L,Gender: Women,2025-04-07 07:14:29
833,Jacket 834,$451.48,Rating: ⭐ 3.1 / 5,3 Colors,Size: XL,Gender: Unisex,2025-04-07 07:14:29
834,Crewneck 835,$446.46,Rating: ⭐ 3.9 / 5,3 Colors,Size: XXL,Gender: Men,2025-04-07 07:14:29
835,T-shirt 836,$379.09,Rating: ⭐ 4.1 / 5,3 Colors,Size: S,Gender: Women,2025-04-07 07:14:29
836,Hoodie 837,$345.79,Rating: ⭐ 5.0 / 5,3 Colors,Size: M,Gender: Unisex,2025-04-07 07:14:29
837,Pants 838,$178.05,Rating: ⭐ 3.1 / 5,3 Colors,Size: L,Gender: Men,2025-04-07 07:14:29
838,Outerwear 839,$263.02,Rating: ⭐ 3.9 / 5,3 Colors,Size: XL,Gender: Women,2025-04-07 07:14:29
839,Jacket 840,$510.29,Rating: ⭐ 3.6 / 5,3 Colors,Size: XXL,Gender: Unisex,2025-04-07 07:14:29
840,Unknown Product,$100.00,Rating: ⭐ Invalid Rating / 5,5 Colors,Size: M,Gender: Men,2025-04-07 07:14:29
841,T-shirt 842,$178.69,Rating: ⭐ 3.3 / 5,3 Colors,Size: M,Gender: Women,2025-04-07 07:14:29
842,Hoodie 843,$187.32,Rating: ⭐ 3.6 / 5,3 Colors,Size: L,Gender: Unisex,2025-04-07 07:14:29
843,Pants 844,$463.93,Rating: ⭐ 3.9 / 5,3 Colors,Size: XL,Gender: Men,2025-04-07 07:14:29
844,Outerwear 845,$126.45,Rating: ⭐ 3.2 / 5,3 Colors,Size: XXL,Gender: Women,2025-04-07 07:14:29
845,Jacket 846,$467.53,Rating: ⭐ 3.6 / 5,3 Colors,Size: S,Gender: Unisex,2025-04-07 07:14:29
846,Crewneck 847,$299.37,Rating: ⭐ 3.7 / 5,3 Colors,Size: M,Gender: Men,2025-04-07 07:14:29
847,T-shirt 848,$383.39,Rating: ⭐ 4.1 / 5,3 Colors,Size: L,Gender: Women,2025-04-07 07:14:29
848,Hoodie 849,$488.51,Rating: ⭐ 3.5 / 5,3 Colors,Size: XL,Gender: Unisex,2025-04-07 07:14:29
849,Pants 850,$259.01,Rating: ⭐ 4.2 / 5,3 Colors,Size: XXL,Gender: Men,2025-04-07 07:14:29
850,Unknown Product,$100.00,Rating: ⭐ Invalid Rating / 5,5 Colors,Size: M,Gender: Men,2025-04-07 07:14:29
851,Jacket 852,$173.58,Rating: ⭐ 4.1 / 5,3 Colors,Size: M,Gender: Unisex,2025-04-07 07:14:29
852,Crewneck 853,$165.24,Rating: ⭐ 3.4 / 5,3 Colors,Size: L,Gender: Men,2025-04-07 07:14:29
853,T-shirt 854,$100.00,Rating: ⭐ 4.5 / 5,3 Colors,Size: XL,Gender: Women,2025-04-07 07:14:29
854,Hoodie 855,$203.11,Rating: ⭐ 5.0 / 5,3 Colors,Size: XXL,Gender: Unisex,2025-04-07 07:14:29
855,Pants 856,,Rating: Not Rated,8 Colors,Size: S,Gender: Men,2025-04-07 07:14:29
856,Outerwear 857,$283.30,Rating: ⭐ 3.0 / 5,3 Colors,Size: M,Gender: Women,2025-04-07 07:14:29
857,Jacket 858,$234.29,Rating: ⭐ 3.7 / 5,3 Colors,Size: L,Gender: Unisex,2025-04-07 07:14:29
858,Crewneck 859,$401.16,Rating: ⭐ 3.0 / 5,3 Colors,Size: XL,Gender: Men,2025-04-07 07:14:29
859,T-shirt 860,$151.21,Rating: ⭐ 4.7 / 5,3 Colors,Size: XXL,Gender: Women,2025-04-07 07:14:29
860,Unknown Product,$100.00,Rating: ⭐ Invalid Rating / 5,5 Colors,Size: M,Gender: Men,2025-04-07 07:14:30
861,Pants 862,$258.21,Rating: ⭐ 3.3 / 5,3 Colors,Size: M,Gender: Men,2025-04-07 07:14:30
862,Outerwear 863,$66.96,Rating: ⭐ 4.0 / 5,3 Colors,Size: L,Gender: Women,2025-04-07 07:14:30
863,Jacket 864,$135.50,Rating: ⭐ 4.5 / 5,3 Colors,Size: XL,Gender: Unisex,2025-04-07 07:14:30
864,Crewneck 865,$425.32,Rating: ⭐ 3.9 / 5,3 Colors,Size: XXL,Gender: Men,2025-04-07 07:14:30
865,T-shirt 866,$149.94,Rating: ⭐ 3.2 / 5,3 Colors,Size: S,Gender: Women,2025-04-07 07:14:30
866,Hoodie 867,$81.49,Rating: ⭐ 3.3 / 5,3 Colors,Size: M,Gender: Unisex,2025-04-07 07:14:30
867,Pants 868,$467.11,Rating: ⭐ 4.6 / 5,3 Colors,Size: L,Gender: Men,2025-04-07 07:14:30
868,Outerwear 869,$377.52,Rating: ⭐ 4.5 / 5,3 Colors,Size: XL,Gender: Women,2025-04-07 07:14:30
869,Jacket 870,$399.69,Rating: ⭐ 3.5 / 5,3 Colors,Size: XXL,Gender: Unisex,2025-04-07 07:14:30
870,Unknown Product,$100.00,Rating: ⭐ Invalid Rating / 5,5 Colors,Size: M,Gender: Men,2025-04-07 07:14:30
871,T-shirt 872,$83.98,Rating: ⭐ 4.3 / 5,3 Colors,Size: M,Gender: Women,2025-04-07 07:14:30
872,Hoodie 873,$520.10,Rating: ⭐ 4.8 / 5,3 Colors,Size: L,Gender: Unisex,2025-04-07 07:14:30
873,Pants 874,$172.20,Rating: ⭐ 4.4 / 5,3 Colors,Size: XL,Gender: Men,2025-04-07 07:14:30
874,Outerwear 875,$156.67,Rating: ⭐ 4.6 / 5,3 Colors,Size: XXL,Gender: Women,2025-04-07 07:14:30
875,Jacket 876,$201.61,Rating: ⭐ 4.6 / 5,3 Colors,Size: S,Gender: Unisex,2025-04-07 07:14:30
876,Crewneck 877,$284.54,Rating: ⭐ 4.6 / 5,3 Colors,Size: M,Gender: Men,2025-04-07 07:14:30
877,T-shirt 878,$300.61,Rating: ⭐ 4.7 / 5,3 Colors,Size: L,Gender: Women,2025-04-07 07:14:30
878,Hoodie 879,$64.18,Rating: ⭐ 3.1 / 5,3 Colors,Size: XL,Gender: Unisex,2025-04-07 07:14:30
879,Pants 880,$406.11,Rating: ⭐ 4.3 / 5,3 Colors,Size: XXL,Gender: Men,2025-04-07 07:14:30
880,Unknown Product,$100.00,Rating: ⭐ Invalid Rating / 5,5 Colors,Size: M,Gender: Men,2025-04-07 07:14:31
881,Jacket 882,$401.31,Rating: ⭐ 3.3 / 5,3 Colors,Size: M,Gender: Unisex,2025-04-07 07:14:31
882,Crewneck 883,$368.82,Rating: ⭐ 3.6 / 5,3 Colors,Size: L,Gender: Men,2025-04-07 07:14:31
883,T-shirt 884,$463.42,Rating: ⭐ 4.3 / 5,3 Colors,Size: XL,Gender: Women,2025-04-07 07:14:31
884,Hoodie 885,$297.54,Rating: ⭐ 3.4 / 5,3 Colors,Size: XXL,Gender: Unisex,2025-04-07 07:14:31
885,Pants 886,,Rating: Not Rated,8 Colors,Size: S,Gender: Men,2025-04-07 07:14:31
886,Outerwear 887,$487.90,Rating: ⭐ 3.8 / 5,3 Colors,Size: M,Gender: Women,2025-04-07 07:14:31
887,Jacket 888,$491.83,Rating: ⭐ 4.2 / 5,3 Colors,Size: L,Gender: Unisex,2025-04-07 07:14:31
888,Crewneck 889,$395.87,Rating: ⭐ 4.6 / 5,3 Colors,Size: XL,Gender: Men,2025-04-07 07:14:31
889,T-shirt 890,$402.44,Rating: ⭐ 4.7 / 5,3 Colors,Size: XXL,Gender: Women,2025-04-07 07:14:31
890,Unknown Product,$100.00,Rating: ⭐ Invalid Rating / 5,5 Colors,Size: M,Gender: Men,2025-04-07 07:14:31
891,Pants 892,$532.21,Rating: ⭐ 4.4 / 5,3 Colors,Size: M,Gender: Men,2025-04-07 07:14:31
892,Outerwear 893,$167.10,Rating: ⭐ 3.2 / 5,3 Colors,Size: L,Gender: Women,2025-04-07 07:14:31
893,Jacket 894,$184.16,Rating: ⭐ 4.8 / 5,3 Colors,Size: XL,Gender: Unisex,2025-04-07 07:14:31
894,Crewneck 895,$70.42,Rating: ⭐ 4.3 / 5,3 Colors,Size: XXL,Gender: Men,2025-04-07 07:14:31
895,T-shirt 896,$492.11,Rating: ⭐ 4.9 / 5,3 Colors,Size: S,Gender: Women,2025-04-07 07:14:31
896,Hoodie 897,$379.87,Rating: ⭐ 3.1 / 5,3 Colors,Size: M,Gender: Unisex,2025-04-07 07:14:31
897,Pants 898,$525.54,Rating: ⭐ 4.1 / 5,3 Colors,Size: L,Gender: Men,2025-04-07 07:14:31
898,Outerwear 899,$387.06,Rating: ⭐ 4.8 / 5,3 Colors,Size: XL,Gender: Women,2025-04-07 07:14:31
899,Jacket 900,$450.89,Rating: ⭐ 3.3 / 5,3 Colors,Size: XXL,Gender: Unisex,2025-04-07 07:14:31
900,Unknown Product,$100.00,Rating: ⭐ Invalid Rating / 5,5 Colors,Size: M,Gender: Men,2025-04-07 07:14:32
901,T-shirt 902,$197.75,Rating: ⭐ 3.6 / 5,3 Colors,Size: M,Gender: Women,2025-04-07 07:14:32
902,Hoodie 903,$163.62,Rating: ⭐ 4.1 / 5,3 Colors,Size: L,Gender: Unisex,2025-04-07 07:14:32
903,Pants 904,$209.77,Rating: ⭐ 3.9 / 5,3 Colors,Size: XL,Gender: Men,2025-04-07 07:14:32
904,Outerwear 905,$314.24,Rating: ⭐ 4.9 / 5,3 Colors,Size: XXL,Gender: Women,2025-04-07 07:14:32
905,Jacket 906,$268.86,Rating: ⭐ 3.9 / 5,3 Colors,Size: S,Gender: Unisex,2025-04-07 07:14:32
906,Crewneck 907,$545.79,Rating: ⭐ 4.9 / 5,3 Colors,Size: M,Gender: Men,2025-04-07 07:14:32
907,T-shirt 908,$497.18,Rating: ⭐ 4.2 / 5,3 Colors,Size: L,Gender: Women,2025-04-07 07:14:32
908,Hoodie 909,$523.99,Rating: ⭐ 3.6 / 5,3 Colors,Size: XL,Gender: Unisex,2025-04-07 07:14:32
909,Pants 910,$149.70,Rating: ⭐ 4.7 / 5,3 Colors,Size: XXL,Gender: Men,2025-04-07 07:14:32
910,Unknown Product,$100.00,Rating: ⭐ Invalid Rating / 5,5 Colors,Size: M,Gender: Men,2025-04-07 07:14:32
911,Jacket 912,$490.83,Rating: ⭐ 4.9 / 5,3 Colors,Size: M,Gender: Unisex,2025-04-07 07:14:32
912,Crewneck 913,$201.39,Rating: ⭐ 3.5 / 5,3 Colors,Size: L,Gender: Men,2025-04-07 07:14:32
913,T-shirt 914,$362.45,Rating: ⭐ 4.6 / 5,3 Colors,Size: XL,Gender: Women,2025-04-07 07:14:32
914,Hoodie 915,$165.57,Rating: ⭐ 4.2 / 5,3 Colors,Size: XXL,Gender: Unisex,2025-04-07 07:14:32
915,Pants 916,,Rating: Not Rated,8 Colors,Size: S,Gender: Men,2025-04-07 07:14:32
916,Outerwear 917,$378.85,Rating: ⭐ 4.0 / 5,3 Colors,Size: M,Gender: Women,2025-04-07 07:14:32
917,Jacket 918,$336.30,Rating: ⭐ 3.3 / 5,3 Colors,Size: L,Gender: Unisex,2025-04-07 07:14:32
918,Crewneck 919,$522.75,Rating: ⭐ 4.7 / 5,3 Colors,Size: XL,Gender: Men,2025-04-07 07:14:32
919,T-shirt 920,$231.63,Rating: ⭐ 3.2 / 5,3 Colors,Size: XXL,Gender: Women,2025-04-07 07:14:32
920,Unknown Product,$100.00,Rating: ⭐ Invalid Rating / 5,5 Colors,Size: M,Gender: Men,2025-04-07 07:14:32
921,Pants 922,$75.68,Rating: ⭐ 4.4 / 5,3 Colors,Size: M,Gender: Men,2025-04-07 07:14:32
922,Outerwear 923,$152.24,Rating: ⭐ 3.7 / 5,3 Colors,Size: L,Gender: Women,2025-04-07 07:14:32
923,Jacket 924,$235.27,Rating: ⭐ 3.8 / 5,3 Colors,Size: XL,Gender: Unisex,2025-04-07 07:14:32
924,Crewneck 925,$493.80,Rating: ⭐ 4.5 / 5,3 Colors,Size: XXL,Gender: Men,2025-04-07 07:14:32
925,T-shirt 926,$119.44,Rating: ⭐ 4.6 / 5,3 Colors,Size: S,Gender: Women,2025-04-07 07:14:32
926,Hoodie 927,$481.65,Rating: ⭐ 3.5 / 5,3 Colors,Size: M,Gender: Unisex,2025-04-07 07:14:32
927,Pants 928,$244.48,Rating: ⭐ 3.4 / 5,3 Colors,Size: L,Gender: Men,2025-04-07 07:14:32
928,Outerwear 929,$78.34,Rating: ⭐ 3.3 / 5,3 Colors,Size: XL,Gender: Women,2025-04-07 07:14:32
929,Jacket 930,$108.82,Rating: ⭐ 4.9 / 5,3 Colors,Size: XXL,Gender: Unisex,2025-04-07 07:14:32
930,Unknown Product,$100.00,Rating: ⭐ Invalid Rating / 5,5 Colors,Size: M,Gender: Men,2025-04-07 07:14:32
931,T-shirt 932,$371.10,Rating: ⭐ 4.2 / 5,3 Colors,Size: M,Gender: Women,2025-04-07 07:14:32
932,Hoodie 933,$310.05,Rating: ⭐ 3.4 / 5,3 Colors,Size: L,Gender: Unisex,2025-04-07 07:14:32
933,Pants 934,$140.51,Rating: ⭐ 3.6 / 5,3 Colors,Size: XL,Gender: Men,2025-04-07 07:14:32
934,Outerwear 935,$378.00,Rating: ⭐ 4.1 / 5,3 Colors,Size: XXL,Gender: Women,2025-04-07 07:14:32
935,Jacket 936,$385.34,Rating: ⭐ 3.1 / 5,3 Colors,Size: S,Gender: Unisex,2025-04-07 07:14:32
936,Crewneck 937,$154.71,Rating: ⭐ 4.1 / 5,3 Colors,Size: M,Gender: Men,2025-04-07 07:14:32
937,T-shirt 938,$253.65,Rating: ⭐ 3.6 / 5,3 Colors,Size: L,Gender: Women,2025-04-07 07:14:32
938,Hoodie 939,$279.13,Rating: ⭐ 4.8 / 5,3 Colors,Size: XL,Gender: Unisex,2025-04-07 07:14:32
939,Pants 940,$361.00,Rating: ⭐ 3.7 / 5,3 Colors,Size: XXL,Gender: Men,2025-04-07 07:14:32
940,Unknown Product,$100.00,Rating: ⭐ Invalid Rating / 5,5 Colors,Size: M,Gender: Men,2025-04-07 07:14:33
941,Jacket 942,$498.31,Rating: ⭐ 3.0 / 5,3 Colors,Size: M,Gender: Unisex,2025-04-07 07:14:33
942,Crewneck 943,$285.69,Rating: ⭐ 4.4 / 5,3 Colors,Size: L,Gender: Men,2025-04-07 07:14:33
943,T-shirt 944,$98.64,Rating: ⭐ 4.6 / 5,3 Colors,Size: XL,Gender: Women,2025-04-07 07:14:33
944,Hoodie 945,$131.73,Rating: ⭐ 4.2 / 5,3 Colors,Size: XXL,Gender: Unisex,2025-04-07 07:14:33
945,Pants 946,,Rating: Not Rated,8 Colors,Size: S,Gender: Men,2025-04-07 07:14:33
946,Outerwear 947,$442.48,Rating: ⭐ 4.6 / 5,3 Colors,Size: M,Gender: Women,2025-04-07 07:14:33
947,Jacket 948,$287.53,Rating: ⭐ 3.9 / 5,3 Colors,Size: L,Gender: Unisex,2025-04-07 07:14:33
948,Crewneck 949,$115.27,Rating: ⭐ 4.4 / 5,3 Colors,Size: XL,Gender: Men,2025-04-07 07:14:33
949,T-shirt 950,$480.73,Rating: ⭐ 4.9 / 5,3 Colors,Size: XXL,Gender: Women,2025-04-07 07:14:33
950,Unknown Product,$100.00,Rating: ⭐ Invalid Rating / 5,5 Colors,Size: M,Gender: Men,2025-04-07 07:14:33
951,Pants 952,$447.19,Rating: ⭐ 3.7 / 5,3 Colors,Size: M,Gender: Men,2025-04-07 07:14:33
952,Outerwear 953,$526.45,Rating: ⭐ 3.8 / 5,3 Colors,Size: L,Gender: Women,2025-04-07 07:14:33
953,Jacket 954,$242.42,Rating: ⭐ 4.1 / 5,3 Colors,Size: XL,Gender: Unisex,2025-04-07 07:14:33
954,Crewneck 955,$437.91,Rating: ⭐ 4.7 / 5,3 Colors,Size: XXL,Gender: Men,2025-04-07 07:14:33
955,T-shirt 956,$278.60,Rating: ⭐ 3.1 / 5,3 Colors,Size: S,Gender: Women,2025-04-07 07:14:33
956,Hoodie 957,$251.52,Rating: ⭐ 4.4 / 5,3 Colors,Size: M,Gender: Unisex,2025-04-07 07:14:33
957,Pants 958,$246.64,Rating: ⭐ 4.8 / 5,3 Colors,Size: L,Gender: Men,2025-04-07 07:14:33
958,Outerwear 959,$426.78,Rating: ⭐ 4.6 / 5,3 Colors,Size: XL,Gender: Women,2025-04-07 07:14:33
959,Jacket 960,$365.01,Rating: ⭐ 4.5 / 5,3 Colors,Size: XXL,Gender: Unisex,2025-04-07 07:14:33
960,Unknown Product,$100.00,Rating: ⭐ Invalid Rating / 5,5 Colors,Size: M,Gender: Men,2025-04-07 07:14:33
961,T-shirt 962,$180.49,Rating: ⭐ 4.1 / 5,3 Colors,Size: M,Gender: Women,2025-04-07 07:14:33
962,Hoodie 963,$494.76,Rating: ⭐ 4.6 / 5,3 Colors,Size: L,Gender: Unisex,2025-04-07 07:14:33
963,Pants 964,$242.83,Rating: ⭐ 3.3 / 5,3 Colors,Size: XL,Gender: Men,2025-04-07 07:14:33
964,Outerwear 965,$194.20,Rating: ⭐ 4.5 / 5,3 Colors,Size: XXL,Gender: Women,2025-04-07 07:14:33
965,Jacket 966,$531.22,Rating: ⭐ 4.9 / 5,3 Colors,Size: S,Gender: Unisex,2025-04-07 07:14:33
966,Crewneck 967,$109.00,Rating: ⭐ 3.5 / 5,3 Colors,Size: M,Gender: Men,2025-04-07 07:14:33
967,T-shirt 968,$252.82,Rating: ⭐ 4.4 / 5,3 Colors,Size: L,Gender: Women,2025-04-07 07:14:33
968,Hoodie 969,$264.49,Rating: ⭐ 3.8 / 5,3 Colors,Size: XL,Gender: Unisex,2025-04-07 07:14:33
969,Pants 970,$59.56,Rating: ⭐ 4.6 / 5,3 Colors,Size: XXL,Gender: Men,2025-04-07 07:14:33
970,Unknown Product,$100.00,Rating: ⭐ Invalid Rating / 5,5 Colors,Size: M,Gender: Men,2025-04-07 07:14:33
971,Jacket 972,$454.50,Rating: ⭐ 4.4 / 5,3 Colors,Size: M,Gender: Unisex,2025-04-07 07:14:33
972,Crewneck 973,$445.90,Rating: ⭐ 3.9 / 5,3 Colors,Size: L,Gender: Men,2025-04-07 07:14:33
973,T-shirt 974,$298.08,Rating: ⭐ 3.0 / 5,3 Colors,Size: XL,Gender: Women,2025-04-07 07:14:33
974,Hoodie 975,$301.00,Rating: ⭐ 3.6 / 5,3 Colors,Size: XXL,Gender: Unisex,2025-04-07 07:14:33
975,Pants 976,,Rating: Not Rated,8 Colors,Size: S,Gender: Men,2025-04-07 07:14:33
976,Outerwear 977,$209.75,Rating: ⭐ 3.6 / 5,3 Colors,Size: M,Gender: Women,2025-04-07 07:14:33
977,Jacket 978,$244.89,Rating: ⭐ 3.6 / 5,3 Colors,Size: L,Gender: Unisex,2025-04-07 07:14:33
978,Crewneck 979,$303.03,Rating: ⭐ 3.4 / 5,3 Colors,Size: XL,Gender: Men,2025-04-07 07:14:33
979,T-shirt 980,$409.00,Rating: ⭐ 3.1 / 5,3 Colors,Size: XXL,Gender: Women,2025-04-07 07:14:33
980,Unknown Product,$100.00,Rating: ⭐ Invalid Rating / 5,5 Colors,Size: M,Gender: Men,2025-04-07 07:14:34
981,Pants 982,$455.11,Rating: ⭐ 4.9 / 5,3 Colors,Size: M,Gender: Men,2025-04-07 07:14:34
982,Outerwear 983,$360.16,Rating: ⭐ 3.2 / 5,3 Colors,Size: L,Gender: Women,2025-04-07 07:14:34
983,Jacket 984,$459.34,Rating: ⭐ 3.8 / 5,3 Colors,Size: XL,Gender: Unisex,2025-04-07 07:14:34
984,Crewneck 985,$389.75,Rating: ⭐ 4.3 / 5,3 Colors,Size: XXL,Gender: Men,2025-04-07 07:14:34
985,T-shirt 986,$419.61,Rating: ⭐ 4.5 / 5,3 Colors,Size: S,Gender: Women,2025-04-07 07:14:34
986,Hoodie 987,$250.50,Rating: ⭐ 4.7 / 5,3 Colors,Size: M,Gender: Unisex,2025-04-07 07:14:34
987,Pants 988,$128.39,Rating: ⭐ 3.5 / 5,3 Colors,Size: L,Gender: Men,2025-04-07 07:14:34
988,Outerwear 989,$429.34,Rating: ⭐ 4.2 / 5,3 Colors,Size: XL,Gender: Women,2025-04-07 07:14:34
989,Jacket 990,$207.96,Rating: ⭐ 4.2 / 5,3 Colors,Size: XXL,Gender: Unisex,2025-04-07 07:14:34
990,Unknown Product,$100.00,Rating: ⭐ Invalid Rating / 5,5 Colors,Size: M,Gender: Men,2025-04-07 07:14:34
991,T-shirt 992,$302.53,Rating: ⭐ 4.9 / 5,3 Colors,Size: M,Gender: Women,2025-04-07 07:14:34
992,Hoodie 993,$397.62,Rating: ⭐ 3.4 / 5,3 Colors,Size: L,Gender: Unisex,2025-04-07 07:14:34
993,Pants 994,$105.86,Rating: ⭐ 4.4 / 5,3 Colors,Size: XL,Gender: Men,2025-04-07 07:14:34
994,Outerwear 995,$502.92,Rating: ⭐ 3.2 / 5,3 Colors,Size: XXL,Gender: Women,2025-04-07 07:14:34
995,Jacket 996,$433.90,Rating: ⭐ 4.3 / 5,3 Colors,Size: S,Gender: Unisex,2025-04-07 07:14:34
996,Crewneck 997,$332.58,Rating: ⭐ 3.9 / 5,3 Colors,Size: M,Gender: Men,2025-04-07 07:14:34
997,T-shirt 998,$56.75,Rating: ⭐ 4.2 / 5,3 Colors,Size: L,Gender: Women,2025-04-07 07:14:34
998,Hoodie 999,$533.39,Rating: ⭐ 4.8 / 5,3 Colors,Size: XL,Gender: Unisex,2025-04-07 07:14:34
999,Pants 1000,$183.64,Rating: ⭐ 4.7 / 5,3 Colors,Size: XXL,Gender: Men,2025-04-07 07:14:34
